# class	chain — refused by apertium-kaz on every representative stem,
# unpinned and attested below 25 tokens; tools/audit_apertium.py
nbn	ады
nbn	адым
nbn	адық
nbn	адың
nbn	ай
nbn	айын
nbn	айық
nbn	ак
nbn	ал
nbn	алы
nbn	алын
nbn	алып
nbn	алық
nbn	ам
nbn	амыз
nbn	амын
nbn	ан
nbn	апты
nbn	ар
nbn	ардан
nbn	арды
nbn	ардың
nbn	арлар
nbn	арлығын
nbn	арлық
nbn	арлықтай
nbn	армын
nbn	арта
nbn	аршы
nbn	ары
nbn	арым
nbn	арымыз
nbn	арын
nbn	арына
nbn	арың
nbn	арға
nbn	ас
nbn	асаң
nbn	астан
nbn	асы
nbn	асыз
nbn	асын
nbn	асың
nbn	асқа
nbn	ат
nbn	аты
nbn	атын
nbn	ақ
nbn	аң
nbn	ба
nbn	бада
nbn	бадай
nbn	бадан
nbn	бадағы
nbn	бады
nbn	бай
nbn	байды
nbn	байдың
nbn	байтын
nbn	бал
nbn	балар
nbn	балардың
nbn	балары
nbn	баларым
nbn	баларымен
nbn	баларымыздың
nbn	баларын
nbn	баларының
nbn	балау
nbn	балаушылар
nbn	балауы
nbn	балақ
nbn	балы
nbn	балық
nbn	бам
nbn	бама
nbn	бамен
nbn	бамнан
nbn	бамның
nbn	бамыз
nbn	бамын
nbn	банда
nbn	бандап
nbn	бандар
nbn	бандары
nbn	баны
nbn	баның
nbn	бап
nbn	бар
nbn	барда
nbn	бардан
nbn	бардар
nbn	барды
nbn	бардың
nbn	барлар
nbn	барлары
nbn	барлау
nbn	барлаушы
nbn	барлы
nbn	барлық
nbn	бармын
nbn	барсыз
nbn	барсың
nbn	баршы
nbn	баршысы
nbn	бары
nbn	барым
nbn	барын
nbn	барына
nbn	барынып
nbn	барыс
nbn	барысты
nbn	барыстың
nbn	барға
nbn	барған
nbn	бас
nbn	басар
nbn	басары
nbn	бастан
nbn	бастау
nbn	бастаушы
nbn	басты
nbn	бастық
nbn	бастың
nbn	басшы
nbn	басшылардың
nbn	басшылық
nbn	басшысы
nbn	басы
nbn	басылы
nbn	басымен
nbn	басын
nbn	басына
nbn	басынан
nbn	басында
nbn	басындағы
nbn	басының
nbn	басыға
nbn	басың
nbn	басқа
nbn	басқан
nbn	бат
nbn	батты
nbn	батын
nbn	батынан
nbn	батыны
nbn	батыр
nbn	батырақ
nbn	бау
nbn	баудан
nbn	баудың
nbn	баушы
nbn	бауы
nbn	бауымен
nbn	башыл
nbn	баға
nbn	баған
nbn	бағы
nbn	бағын
nbn	бағың
nbn	бақ
nbn	баң
nbn	баңа
nbn	баңдап
nbn	дабынан
nbn	дайсып
nbn	дал
nbn	далады
nbn	далу
nbn	далып
nbn	далған
nbn	дапты
nbn	даса
nbn	дасады
nbn	дасаң
nbn	даспақ
nbn	дассыз
nbn	дастан
nbn	дастар
nbn	дастардың
nbn	дастары
nbn	дастарым
nbn	дастарымның
nbn	дастарымызға
nbn	дастарын
nbn	дастарына
nbn	дастарының
nbn	дастарға
nbn	дасты
nbn	дастыр
nbn	дастырды
nbn	дастыру
nbn	дастырылған
nbn	дастық
nbn	дастықты
nbn	дастың
nbn	дасу
nbn	дасы
nbn	дасым
nbn	дасымен
nbn	дасымның
nbn	дасын
nbn	дасына
nbn	дасынан
nbn	дасының
nbn	дасып
nbn	дасқа
nbn	дасқан
nbn	дат
nbn	датады
nbn	дату
nbn	датқан
nbn	даусызда
nbn	даушылар
nbn	даушылардың
nbn	даушылық
nbn	даушыны
nbn	даушының
nbn	даушысы
nbn	дауыт
nbn	дағын
nbn	дағына
nbn	дым
nbn	дып
nbn	дыр
nbn	дыра
nbn	дырады
nbn	дыратын
nbn	дыратыны
nbn	дырақ
nbn	дырдай
nbn	дырдан
nbn	дырды
nbn	дырдың
nbn	дырлардың
nbn	дырмай
nbn	дырмайды
nbn	дырмақ
nbn	дыртады
nbn	дыру
nbn	дыруды
nbn	дыруларды
nbn	дырулардың
nbn	дырушы
nbn	дыруға
nbn	дырыл
nbn	дырылады
nbn	дырылуы
nbn	дырылуын
nbn	дырылған
nbn	дырып
nbn	дырған
nbn	дырғанда
nbn	дырғанына
nbn	дысу
nbn	дысы
nbn	дысымен
nbn	дысын
nbn	дысыну
nbn	дысының
nbn	дысып
nbn	дысқан
nbn	пақ
nbn	са
nbn	сабын
nbn	сады
nbn	садың
nbn	сал
nbn	сам
nbn	сап
nbn	сапты
nbn	сар
nbn	сарлар
nbn	сарлық
nbn	сармыз
nbn	сару
nbn	сары
nbn	сарын
nbn	сарына
nbn	сарыны
nbn	сарының
nbn	сарып
nbn	сарға
nbn	сарған
nbn	сасы
nbn	сасын
nbn	сасың
nbn	сат
nbn	сатты
nbn	саты
nbn	сатын
nbn	сашы
nbn	сақ
nbn	саңыз
nbn	сы
nbn	сызбен
nbn	сызбын
nbn	сызда
nbn	сыздан
nbn	сыздардың
nbn	сыздау
nbn	сызды
nbn	сыздың
nbn	сызын
nbn	сызға
nbn	сыл
nbn	сым
nbn	сыма
nbn	сымен
nbn	сымыз
nbn	сымызда
nbn	сымыздан
nbn	сымызды
nbn	сымызға
nbn	сымын
nbn	сында
nbn	сындай
nbn	сындағы
nbn	сыны
nbn	сып
nbn	сыпты
nbn	сыр
nbn	сыратын
nbn	сырақ
nbn	сырда
nbn	сырдан
nbn	сырды
nbn	сырдың
nbn	сырлар
nbn	сырлардың
nbn	сырларға
nbn	сырлық
nbn	сырма
nbn	сырмай
nbn	сырмақ
nbn	сырмен
nbn	сырса
nbn	сыру
nbn	сыры
nbn	сырылған
nbn	сырым
nbn	сырын
nbn	сырына
nbn	сырынбақ
nbn	сырынды
nbn	сырындым
nbn	сырыну
nbn	сырынып
nbn	сырып
nbn	сырға
nbn	сысы
nbn	сыңыз
nbn	сыңызбен
nbn	сыңыздан
nbn	тын
nbn	у
nbn	уда
nbn	удан
nbn	удағы
nbn	уды
nbn	удың
nbn	ул
nbn	улады
nbn	уладық
nbn	улар
nbn	уларды
nbn	улардың
nbn	улары
nbn	уларын
nbn	уларына
nbn	уларға
nbn	улды
nbn	улы
nbn	умын
nbn	ур
nbn	урады
nbn	урадым
nbn	урдың
nbn	урын
nbn	урында
nbn	урынды
nbn	ус
nbn	усақ
nbn	усы
nbn	усыз
nbn	усыл
nbn	усылды
nbn	усылма
nbn	усылмай
nbn	усылмайды
nbn	усылса
nbn	усылу
nbn	усылып
nbn	усым
nbn	усымда
nbn	усымнан
nbn	усымның
nbn	усын
nbn	усына
nbn	усында
nbn	усының
nbn	усып
nbn	усың
nbn	усыңды
nbn	ут
nbn	утаң
nbn	уы
nbn	уым
nbn	уымен
nbn	уымыз
nbn	уымызды
nbn	уымызша
nbn	уын
nbn	уына
nbn	уынан
nbn	уында
nbn	уынша
nbn	уының
nbn	уыңызға
nbn	уға
nbn	уқ
nbn	уң
nbn	шада
nbn	шадан
nbn	шал
nbn	шалар
nbn	шаларды
nbn	шалардың
nbn	шалары
nbn	шалау
nbn	шалы
nbn	шалық
nbn	шалықты
nbn	шам
nbn	шама
nbn	шамды
nbn	шамен
nbn	шана
nbn	шанда
nbn	шандар
nbn	шаны
nbn	шаның
nbn	шап
nbn	шар
nbn	шарда
nbn	шарды
nbn	шардың
nbn	шарлар
nbn	шарларды
nbn	шарлау
nbn	шарлық
nbn	шары
nbn	шарға
nbn	шасы
nbn	шасын
nbn	шасына
nbn	шасынан
nbn	шасында
nbn	шасындағы
nbn	шасының
nbn	шатады
nbn	шату
nbn	шаға
nbn	шағы
nbn	шаң
nbn	шаңыз
nbn	шыда
nbn	шыдай
nbn	шыдан
nbn	шылар
nbn	шылардың
nbn	шылары
nbn	шыларының
nbn	шылау
nbn	шылы
nbn	шым
nbn	шыма
nbn	шымен
nbn	шымыз
nbn	шымын
nbn	шына
nbn	шында
nbn	шыны
nbn	шының
nbn	шып
nbn	шыр
nbn	шырақ
nbn	шырақтай
nbn	шысы
nbn	шысыз
nbn	шысын
nbn	шысына
nbn	шысынан
nbn	шысында
nbn	шысының
nbn	шыға
nbn	шығы
nbn	шың
nbn	шыңа
nbn	шыңды
nbn	ыбын
nbn	ыбына
nbn	ык
nbn	ыл
nbn	ыла
nbn	ылады
nbn	ылам
nbn	ыласың
nbn	ылатын
nbn	ылатындығы
nbn	ылатыны
nbn	ылба
nbn	ылбас
nbn	ылбастың
nbn	ылбасы
nbn	ылда
nbn	ылдай
nbn	ылдайды
nbn	ылдан
nbn	ылдар
nbn	ылдарды
nbn	ылдардың
nbn	ылдары
nbn	ылдарын
nbn	ылдарынан
nbn	ылдарға
nbn	ылдау
nbn	ылдауы
nbn	ылды
nbn	ылдық
nbn	ылдың
nbn	ылма
nbn	ылмадым
nbn	ылмай
nbn	ылмайды
nbn	ылмайтын
nbn	ылмалы
nbn	ылмас
nbn	ылмасақ
nbn	ылмасын
nbn	ылмаған
nbn	ылмақ
nbn	ылмақшы
nbn	ылмен
nbn	ылса
nbn	ылсақ
nbn	ылсы
nbn	ылсын
nbn	ылтыр
nbn	ылтырдан
nbn	ылу
nbn	ылуда
nbn	ылудан
nbn	ылуы
nbn	ылуымен
nbn	ылуын
nbn	ылуына
nbn	ылуға
nbn	ылша
nbn	ылшы
nbn	ылшылар
nbn	ылы
nbn	ылым
nbn	ылын
nbn	ылына
nbn	ылынан
nbn	ылында
nbn	ылының
nbn	ылып
nbn	ылыс
nbn	ылысатын
nbn	ылысты
nbn	ылыстырып
nbn	ылыстың
nbn	ылысу
nbn	ылың
nbn	ылыңыз
nbn	ылға
nbn	ылған
nbn	ылғандарды
nbn	ылғаны
nbn	ылғанын
nbn	ылғанына
nbn	ылғы
nbn	ымас
nbn	ымдар
nbn	ымдарды
nbn	ымдары
nbn	ымдарын
nbn	ымдарының
nbn	ымын
nbn	ымға
nbn	ынады
nbn	ынап
nbn	ынар
nbn	ынба
nbn	ынбады
nbn	ынбайды
nbn	ынбайтын
nbn	ынбау
nbn	ынбаған
nbn	ындар
nbn	ындары
nbn	ынды
nbn	ындыр
nbn	ындыратын
nbn	ындырды
nbn	ындыру
nbn	ындырылу
nbn	ындырып
nbn	ындырған
nbn	ындық
nbn	ынса
nbn	ынсап
nbn	ыну
nbn	ынуда
nbn	ынуы
nbn	ыны
nbn	ынын
nbn	ынып
nbn	ынысы
nbn	ынған
nbn	ынғанда
nbn	ынғандығына
nbn	ып
nbn	ыр
nbn	ырады
nbn	ырам
nbn	ырасың
nbn	ыратын
nbn	ырақтап
nbn	ырақтау
nbn	ырбайдың
nbn	ырда
nbn	ырдай
nbn	ырдан
nbn	ырдағы
nbn	ырды
nbn	ырдым
nbn	ырдық
nbn	ырдың
nbn	ырлар
nbn	ырларды
nbn	ырлары
nbn	ырларым
nbn	ырларын
nbn	ырлау
nbn	ырлы
nbn	ырлық
nbn	ырлықтардың
nbn	ырма
nbn	ырмай
nbn	ырмайды
nbn	ырмайтын
nbn	ырмақ
nbn	ырмен
nbn	ырмыз
nbn	ырмын
nbn	ырса
nbn	ырсам
nbn	ырсақ
nbn	ырсыз
nbn	ырсыздық
nbn	ырсыздың
nbn	ырсын
nbn	ырсыны
nbn	ырсың
nbn	ыртын
nbn	ыру
nbn	ырушы
nbn	ыршы
nbn	ыры
nbn	ырылатын
nbn	ырылды
nbn	ырылдым
nbn	ырылдық
nbn	ырылмаған
nbn	ырылса
nbn	ырылу
nbn	ырылып
nbn	ырылыс
nbn	ырылысып
nbn	ырылған
nbn	ырым
nbn	ырыма
nbn	ырымда
nbn	ырымды
nbn	ырымен
nbn	ырын
nbn	ырына
nbn	ырынан
nbn	ырында
nbn	ырындағы
nbn	ырынды
nbn	ырының
nbn	ырып
nbn	ырыпты
nbn	ырыс
nbn	ырыстың
nbn	ырысып
nbn	ырың
nbn	ырыңа
nbn	ырыңыз
nbn	ырға
nbn	ырған
nbn	ырғы
nbn	ырғызылған
nbn	ырғысы
nbn	ыс
nbn	ысады
nbn	ысатын
nbn	ыспа
nbn	ыспайтын
nbn	ыспақ
nbn	ыспен
nbn	ыссыз
nbn	ыссыздық
nbn	ыста
nbn	ыстай
nbn	ыстан
nbn	ыстар
nbn	ыстары
nbn	ыстарын
nbn	ыстау
nbn	ысты
nbn	ыстыр
nbn	ыстыру
nbn	ыстырып
nbn	ыстық
nbn	ыстыққа
nbn	ыстың
nbn	ысу
nbn	ысша
nbn	ысы
nbn	ысым
nbn	ысымен
nbn	ысын
nbn	ысына
nbn	ысынан
nbn	ысында
nbn	ысындағы
nbn	ысының
nbn	ысып
nbn	ысыпты
nbn	ысырақ
nbn	ысың
nbn	ысыңды
nbn	ысыңнан
nbn	ысқа
nbn	ысқан
nbn	ыт
nbn	ық
nbn	ғал
nbn	ғалы
nbn	ғамыз
nbn	ғамын
nbn	ған
nbn	ғап
nbn	ғар
nbn	ғардай
nbn	ғарлы
nbn	ғарлық
nbn	ғармай
nbn	ғармыз
nbn	ғарсың
nbn	ғары
nbn	ғарыда
nbn	ғарыдан
nbn	ғарыдағы
nbn	ғарып
nbn	ғарыға
nbn	ғарға
nbn	ғарғы
nbn	ғас
nbn	ғасады
nbn	ғасты
nbn	ғастыр
nbn	ғастыру
nbn	ғастырған
nbn	ғастық
nbn	ғастықты
nbn	ғасы
nbn	ғасыз
nbn	ғасымен
nbn	ғасын
nbn	ғасына
nbn	ғасынан
nbn	ғасында
nbn	ғасындағы
nbn	ғасының
nbn	ғасып
nbn	ғасың
nbn	ғасқа
nbn	ғасқан
nbn	ғат
nbn	ғаты
nbn	ғатын
nbn	ғыз
nbn	ғылып
nbn	ғылық
nbn	ғылықты
nbn	ғын
nbn	ғына
nbn	ғынан
nbn	ғында
nbn	ғындағы
nbn	ғынып
nbn	ғып
nbn	ғыпты
nbn	ғыр
nbn	ғырады
nbn	ғырдай
nbn	ғырдан
nbn	ғырды
nbn	ғырдың
nbn	ғырлар
nbn	ғырлы
nbn	ғырлық
nbn	ғырмақ
nbn	ғырсын
nbn	ғырта
nbn	ғыру
nbn	ғыры
nbn	ғырым
nbn	ғырын
nbn	ғырып
nbn	ғырға
nbn	ғырған
nbn	ғыс
nbn	ғысады
nbn	ғысатын
nbn	ғыспен
nbn	ғыста
nbn	ғыстан
nbn	ғыстары
nbn	ғысты
nbn	ғыстыру
nbn	ғыстырып
nbn	ғыстық
nbn	ғыстың
nbn	ғысу
nbn	ғысушы
nbn	ғысып
nbn	ғысқа
nbn	ғысқан
nbn	ғытып
nbn	ғышар
nbr	адым
nbr	адық
nbr	адың
nbr	ай
nbr	ал
nbr	алы
nbr	алын
nbr	алып
nbr	алық
nbr	апты
nbr	арта
nbr	ас
nbr	асаң
nbr	астан
nbr	асы
nbr	асын
nbr	асқа
nbr	ат
nbr	аты
nbr	аң
nbr	ба
nbr	бада
nbr	бадай
nbr	бадан
nbr	бадағы
nbr	бады
nbr	бай
nbr	байды
nbr	байдың
nbr	байтын
nbr	бал
nbr	балар
nbr	балардың
nbr	балары
nbr	баларым
nbr	баларымен
nbr	баларымыздың
nbr	баларын
nbr	баларының
nbr	балау
nbr	балаушылар
nbr	балауы
nbr	балақ
nbr	балы
nbr	балық
nbr	бам
nbr	бама
nbr	бамен
nbr	бамнан
nbr	бамның
nbr	бамыз
nbr	бамын
nbr	банда
nbr	бандап
nbr	бандар
nbr	бандары
nbr	баны
nbr	баның
nbr	бап
nbr	бар
nbr	барда
nbr	бардан
nbr	бардар
nbr	барды
nbr	бардың
nbr	барлар
nbr	барлары
nbr	барлау
nbr	барлаушы
nbr	барлы
nbr	барлық
nbr	бармын
nbr	барсыз
nbr	барсың
nbr	баршы
nbr	баршысы
nbr	бары
nbr	барым
nbr	барын
nbr	барына
nbr	барынып
nbr	барыс
nbr	барысты
nbr	барыстың
nbr	барға
nbr	барған
nbr	бас
nbr	басар
nbr	басары
nbr	бастан
nbr	бастау
nbr	бастаушы
nbr	басты
nbr	бастық
nbr	бастың
nbr	басшы
nbr	басшылардың
nbr	басшылық
nbr	басшысы
nbr	басы
nbr	басылы
nbr	басымен
nbr	басын
nbr	басына
nbr	басынан
nbr	басында
nbr	басындағы
nbr	басының
nbr	басыға
nbr	басың
nbr	басқа
nbr	басқан
nbr	бат
nbr	батты
nbr	батын
nbr	батынан
nbr	батыны
nbr	батыр
nbr	батырақ
nbr	бау
nbr	баудан
nbr	баудың
nbr	баушы
nbr	бауы
nbr	бауымен
nbr	башыл
nbr	баға
nbr	баған
nbr	бағы
nbr	бағын
nbr	бағың
nbr	бақ
nbr	баң
nbr	баңа
nbr	баңдап
nbr	дабы
nbr	дабынан
nbr	дайсып
nbr	дал
nbr	далады
nbr	далу
nbr	далып
nbr	далған
nbr	дап
nbr	дапты
nbr	дас
nbr	даса
nbr	дасады
nbr	дасаң
nbr	даспақ
nbr	дассыз
nbr	дастан
nbr	дастар
nbr	дастардың
nbr	дастары
nbr	дастарым
nbr	дастарымның
nbr	дастарымызға
nbr	дастарын
nbr	дастарына
nbr	дастарының
nbr	дастарға
nbr	дасты
nbr	дастыр
nbr	дастырды
nbr	дастыру
nbr	дастырылған
nbr	дастық
nbr	дастықты
nbr	дастың
nbr	дасу
nbr	дасы
nbr	дасым
nbr	дасымен
nbr	дасымның
nbr	дасын
nbr	дасына
nbr	дасынан
nbr	дасының
nbr	дасып
nbr	дасқа
nbr	дасқан
nbr	дат
nbr	датады
nbr	дату
nbr	датып
nbr	датқан
nbr	дағын
nbr	дағына
nbr	дыр
nbr	дыра
nbr	дырады
nbr	дыратын
nbr	дыратыны
nbr	дырақ
nbr	дырдай
nbr	дырдан
nbr	дырды
nbr	дырдың
nbr	дырлардың
nbr	дырмай
nbr	дырмайды
nbr	дырмақ
nbr	дыртады
nbr	дыру
nbr	дыруды
nbr	дыруларды
nbr	дырулардың
nbr	дырушы
nbr	дыруға
nbr	дырыл
nbr	дырылады
nbr	дырылуы
nbr	дырылуын
nbr	дырылған
nbr	дырып
nbr	дырған
nbr	дырғанда
nbr	дырғанына
nbr	л
nbr	лам
nbr	ламын
nbr	ларыны
nbr	латын
nbr	латынына
nbr	лақ
nbr	лба
nbr	лда
nbr	лдай
nbr	лдайды
nbr	лдан
nbr	лдар
nbr	лдарды
nbr	лдардың
nbr	лдары
nbr	лдарын
nbr	лдарына
nbr	лдарының
nbr	лдарға
nbr	лдау
nbr	лдағы
nbr	лды
nbr	лдыр
nbr	лдырады
nbr	лдырды
nbr	лдырдың
nbr	лдыру
nbr	лдырып
nbr	лдырған
nbr	лдық
nbr	лдың
nbr	лма
nbr	лмады
nbr	лмай
nbr	лмайды
nbr	лмайтын
nbr	лмаса
nbr	лмау
nbr	лмаған
nbr	лмағанын
nbr	лмақ
nbr	лмен
nbr	лмын
nbr	лпақ
nbr	лпаң
nbr	лса
nbr	лсам
nbr	лсақ
nbr	лсаң
nbr	лсы
nbr	лсыз
nbr	лсызбен
nbr	лсыздар
nbr	лсыздық
nbr	лсыздыққа
nbr	лсыздың
nbr	лсын
nbr	лсың
nbr	лт
nbr	лту
nbr	лтын
nbr	лтыр
nbr	лтырын
nbr	лу
nbr	луда
nbr	лусыз
nbr	луы
nbr	луын
nbr	луында
nbr	луға
nbr	лша
nbr	лшаны
nbr	лшаның
nbr	лшашы
nbr	лшашылар
nbr	лшы
nbr	лшыдан
nbr	лшылар
nbr	лшыларды
nbr	лшылардың
nbr	лшылары
nbr	лшыларға
nbr	лшылығы
nbr	лшылық
nbr	лшылықты
nbr	лшылыққа
nbr	лшыны
nbr	лшының
nbr	лшыға
nbr	лшығы
nbr	лшығын
nbr	лылау
nbr	лылығы
nbr	лылық
nbr	лын
nbr	лына
nbr	лынан
nbr	лында
nbr	лындағы
nbr	лынып
nbr	лып
nbr	лыпты
nbr	лырақ
nbr	лыс
nbr	лыспаған
nbr	лыста
nbr	лысты
nbr	лыстыру
nbr	лыстың
nbr	лысу
nbr	лысып
nbr	лысқа
nbr	лысқан
nbr	лға
nbr	лған
nbr	лғанда
nbr	лғандай
nbr	лғандар
nbr	лғандардың
nbr	лғанды
nbr	лғандығына
nbr	лғанның
nbr	лғанымызда
nbr	лғанын
nbr	лғы
nbr	лғыз
nbr	лғызбын
nbr	лғызды
nbr	лғыздық
nbr	лғыздың
nbr	лғын
nbr	лғыншы
nbr	лғысы
nbr	лғысыз
nbr	лғысын
nbr	м
nbr	мда
nbr	мдар
nbr	мдарды
nbr	мдардың
nbr	мдары
nbr	мдарын
nbr	мдарына
nbr	мдарынан
nbr	мдарында
nbr	мдарының
nbr	мдағы
nbr	мды
nbr	ммен
nbr	мнан
nbr	мның
nbr	мсыз
nbr	мға
nbr	пақ
nbr	р
nbr	ра
nbr	рады
nbr	радым
nbr	радың
nbr	рам
nbr	рамыз
nbr	рамын
nbr	расың
nbr	ратын
nbr	рақ
nbr	рақсыз
nbr	рақта
nbr	рақтан
nbr	рақтап
nbr	рақтар
nbr	рақтардың
nbr	рақтарын
nbr	рақтарына
nbr	рақты
nbr	рақтық
nbr	рақтың
nbr	рақы
nbr	раққа
nbr	рбайды
nbr	рда
nbr	рдай
nbr	рдан
nbr	рдағы
nbr	рды
nbr	рдырып
nbr	рдың
nbr	рлар
nbr	рлары
nbr	рларын
nbr	рларына
nbr	рларының
nbr	рлау
nbr	рлы
nbr	рлық
nbr	рма
nbr	рмады
nbr	рмай
nbr	рмайды
nbr	рмайтын
nbr	рмаса
nbr	рмау
nbr	рмақ
nbr	рмен
nbr	рмыз
nbr	рмын
nbr	рса
nbr	рсам
nbr	рсақ
nbr	рсаң
nbr	рсы
nbr	рсыда
nbr	рсыз
nbr	рсын
nbr	рсың
nbr	рта
nbr	ртын
nbr	ру
nbr	русыз
nbr	рушы
nbr	рушылар
nbr	рушылардың
nbr	рушыларға
nbr	рушылық
nbr	рушының
nbr	рша
nbr	ршадан
nbr	ршалары
nbr	ршаларың
nbr	ршалау
nbr	ршамыз
nbr	ршамызды
nbr	ршаны
nbr	ршаның
nbr	ршасы
nbr	ршасын
nbr	ршасына
nbr	ршасынан
nbr	ршасының
nbr	ршаң
nbr	ршаңыз
nbr	ршаңызға
nbr	ршы
nbr	ршыдай
nbr	ршылар
nbr	ршылары
nbr	ршыларын
nbr	ршылық
nbr	ршылықта
nbr	ршылыққа
nbr	ршын
nbr	ршыны
nbr	ршының
nbr	ршысы
nbr	ршыға
nbr	ры
nbr	рыдан
nbr	рыл
nbr	рылады
nbr	рылатын
nbr	рылды
nbr	рылдым
nbr	рылмай
nbr	рылмайды
nbr	рылмайтын
nbr	рылмаған
nbr	рылса
nbr	рылсам
nbr	рылу
nbr	рылып
nbr	рылыс
nbr	рылысты
nbr	рылыстың
nbr	рылған
nbr	рым
nbr	рыма
nbr	рымды
nbr	рымен
nbr	рымнан
nbr	рымның
nbr	рымта
nbr	рымыз
nbr	рымызда
nbr	рымызды
nbr	рымыздың
nbr	рымызға
nbr	рымын
nbr	рын
nbr	рына
nbr	рынан
nbr	рында
nbr	рындағы
nbr	рынды
nbr	рындық
nbr	рыны
nbr	рынын
nbr	рының
nbr	рып
nbr	рыпты
nbr	рыптық
nbr	рыс
nbr	рысады
nbr	рысам
nbr	рысатын
nbr	рыспа
nbr	рыспады
nbr	рыссам
nbr	рысты
nbr	рыстың
nbr	рысу
nbr	рысын
nbr	рысып
nbr	рысқан
nbr	рыға
nbr	рың
nbr	рыңа
nbr	рыңды
nbr	рыңнан
nbr	рыңның
nbr	рыңыз
nbr	рға
nbr	рған
nbr	рғы
nbr	рғыз
nbr	рғызу
nbr	рғызып
nbr	рғын
nbr	рғысы
nbr	рқыз
nbr	с
nbr	сабын
nbr	сады
nbr	садың
nbr	сал
nbr	сап
nbr	сапты
nbr	сар
nbr	сарлар
nbr	сарлық
nbr	сармыз
nbr	сару
nbr	сары
nbr	сарын
nbr	сарына
nbr	сарыны
nbr	сарының
nbr	сарып
nbr	сарға
nbr	сарған
nbr	сасы
nbr	сасын
nbr	сасың
nbr	сат
nbr	сатты
nbr	саты
nbr	сатын
nbr	сы
nbr	сыздық
nbr	сыл
nbr	сым
nbr	сыма
nbr	сымен
nbr	сымыз
nbr	сымызда
nbr	сымыздан
nbr	сымызды
nbr	сымызға
nbr	сымын
nbr	сына
nbr	сынан
nbr	сында
nbr	сындай
nbr	сындағы
nbr	сыны
nbr	сынып
nbr	сының
nbr	сып
nbr	сыпты
nbr	сыр
nbr	сыратын
nbr	сырақ
nbr	сырда
nbr	сырдан
nbr	сырды
nbr	сырдың
nbr	сырлар
nbr	сырлардың
nbr	сырларға
nbr	сырлық
nbr	сырма
nbr	сырмай
nbr	сырмақ
nbr	сырмен
nbr	сырса
nbr	сыру
nbr	сыры
nbr	сырылған
nbr	сырым
nbr	сырын
nbr	сырына
nbr	сырынбақ
nbr	сырынды
nbr	сырындым
nbr	сырыну
nbr	сырынып
nbr	сырып
nbr	сырға
nbr	сысы
nbr	сыңыз
nbr	сыңызбен
nbr	сыңыздан
nbr	тын
nbr	ул
nbr	улады
nbr	уладық
nbr	улды
nbr	ур
nbr	урады
nbr	урадым
nbr	урдың
nbr	урын
nbr	урында
nbr	урынды
nbr	ус
nbr	усақ
nbr	усы
nbr	усыл
nbr	усылды
nbr	усылма
nbr	усылмай
nbr	усылмайды
nbr	усылса
nbr	усылу
nbr	усылып
nbr	усым
nbr	усымда
nbr	усымнан
nbr	усымның
nbr	усын
nbr	усына
nbr	усында
nbr	усының
nbr	усып
nbr	усыңды
nbr	ут
nbr	утаң
nbr	уқ
nbr	уң
nbr	шал
nbr	шалау
nbr	шалық
nbr	шалықты
nbr	шана
nbr	шанда
nbr	шандар
nbr	шап
nbr	шар
nbr	шарда
nbr	шарды
nbr	шардың
nbr	шарлар
nbr	шарларды
nbr	шарлау
nbr	шарлық
nbr	шары
nbr	шарға
nbr	шатады
nbr	шату
nbr	шағы
nbr	шыда
nbr	шыдай
nbr	шыдан
nbr	шыл
nbr	шылардың
nbr	шылары
nbr	шыларының
nbr	шылау
nbr	шылы
nbr	шым
nbr	шыма
nbr	шымен
nbr	шымыз
nbr	шымын
nbr	шына
nbr	шында
nbr	шыны
nbr	шының
nbr	шып
nbr	шыр
nbr	шырақ
nbr	шырақтай
nbr	шысы
nbr	шысыз
nbr	шысын
nbr	шысына
nbr	шысынан
nbr	шысында
nbr	шысының
nbr	шыға
nbr	шығы
nbr	шың
nbr	шыңа
nbr	шыңды
nbr	ыбы
nbr	ыбымды
nbr	ыбымызды
nbr	ыбын
nbr	ыбына
nbr	ыбың
nbr	ык
nbr	ыл
nbr	ыла
nbr	ылады
nbr	ылам
nbr	ыласың
nbr	ылатын
nbr	ылатындығы
nbr	ылатыны
nbr	ылба
nbr	ылбас
nbr	ылбастың
nbr	ылбасы
nbr	ылдан
nbr	ылды
nbr	ылдық
nbr	ылдың
nbr	ылма
nbr	ылмадым
nbr	ылмай
nbr	ылмайды
nbr	ылмайтын
nbr	ылмалы
nbr	ылмас
nbr	ылмасақ
nbr	ылмасын
nbr	ылмаған
nbr	ылмақ
nbr	ылмақшы
nbr	ылмен
nbr	ылса
nbr	ылсақ
nbr	ылсы
nbr	ылсын
nbr	ылтыр
nbr	ылтырдан
nbr	ылу
nbr	ылуда
nbr	ылудан
nbr	ылуы
nbr	ылуымен
nbr	ылуын
nbr	ылуына
nbr	ылуға
nbr	ылша
nbr	ылшы
nbr	ылшылар
nbr	ылым
nbr	ылын
nbr	ылына
nbr	ылынан
nbr	ылында
nbr	ылының
nbr	ылып
nbr	ылыс
nbr	ылысатын
nbr	ылысты
nbr	ылыстырып
nbr	ылыстың
nbr	ылысу
nbr	ылың
nbr	ылыңыз
nbr	ылға
nbr	ылған
nbr	ылғандарды
nbr	ылғаны
nbr	ылғанын
nbr	ылғанына
nbr	ылғы
nbr	ымас
nbr	ымдар
nbr	ымдарды
nbr	ымдары
nbr	ымдарын
nbr	ымдарының
nbr	ымға
nbr	ынады
nbr	ынап
nbr	ынар
nbr	ынба
nbr	ынбады
nbr	ынбайды
nbr	ынбайтын
nbr	ынбау
nbr	ынбаған
nbr	ындар
nbr	ындары
nbr	ынды
nbr	ындыр
nbr	ындыратын
nbr	ындырды
nbr	ындыру
nbr	ындырылу
nbr	ындырып
nbr	ындырған
nbr	ындық
nbr	ынса
nbr	ынсап
nbr	ыну
nbr	ынуда
nbr	ынуы
nbr	ынын
nbr	ынып
nbr	ынысы
nbr	ынған
nbr	ынғанда
nbr	ынғандығына
nbr	ыппен
nbr	ыптай
nbr	ыптар
nbr	ыптардың
nbr	ыптары
nbr	ыптарын
nbr	ыптау
nbr	ыптаушы
nbr	ыптауға
nbr	ыптың
nbr	ыпқа
nbr	ыр
nbr	ырады
nbr	ырам
nbr	ырасың
nbr	ыратын
nbr	ырбайдың
nbr	ырда
nbr	ырдай
nbr	ырдан
nbr	ырдағы
nbr	ырды
nbr	ырдым
nbr	ырдық
nbr	ырдың
nbr	ырлар
nbr	ырларды
nbr	ырлары
nbr	ырларым
nbr	ырларын
nbr	ырлау
nbr	ырлы
nbr	ырлық
nbr	ырлықтардың
nbr	ырма
nbr	ырмай
nbr	ырмайды
nbr	ырмайтын
nbr	ырмақ
nbr	ырмен
nbr	ырмыз
nbr	ырмын
nbr	ырса
nbr	ырсам
nbr	ырсақ
nbr	ырсыз
nbr	ырсыздық
nbr	ырсыздың
nbr	ырсын
nbr	ырсыны
nbr	ырсың
nbr	ыртын
nbr	ыру
nbr	ырушы
nbr	ыршы
nbr	ыры
nbr	ырылатын
nbr	ырылды
nbr	ырылдым
nbr	ырылдық
nbr	ырылмаған
nbr	ырылса
nbr	ырылу
nbr	ырылып
nbr	ырылыс
nbr	ырылысып
nbr	ырылған
nbr	ырым
nbr	ырыма
nbr	ырымда
nbr	ырымды
nbr	ырымен
nbr	ырын
nbr	ырына
nbr	ырынан
nbr	ырында
nbr	ырындағы
nbr	ырынды
nbr	ырының
nbr	ырып
nbr	ырыпты
nbr	ырыс
nbr	ырыстың
nbr	ырысып
nbr	ырың
nbr	ырыңа
nbr	ырыңыз
nbr	ырға
nbr	ырған
nbr	ырғы
nbr	ырғызылған
nbr	ырғысы
nbr	ыссыздық
nbr	ыстау
nbr	ыстыр
nbr	ыстыру
nbr	ыстырып
nbr	ыстыққа
nbr	ысырақ
nbr	ыт
nbr	ық
nbr	ғал
nbr	ғамыз
nbr	ғамын
nbr	ғап
nbr	ғар
nbr	ғардай
nbr	ғарлы
nbr	ғарлық
nbr	ғармай
nbr	ғармыз
nbr	ғарсың
nbr	ғары
nbr	ғарыда
nbr	ғарыдан
nbr	ғарыдағы
nbr	ғарып
nbr	ғарыға
nbr	ғарға
nbr	ғарғы
nbr	ғас
nbr	ғасады
nbr	ғасты
nbr	ғастыр
nbr	ғастыру
nbr	ғастырған
nbr	ғастық
nbr	ғастықты
nbr	ғасы
nbr	ғасыз
nbr	ғасымен
nbr	ғасын
nbr	ғасына
nbr	ғасынан
nbr	ғасында
nbr	ғасындағы
nbr	ғасының
nbr	ғасып
nbr	ғасың
nbr	ғасқа
nbr	ғасқан
nbr	ғат
nbr	ғаты
nbr	ғатын
nbr	ғы
nbr	ғыдай
nbr	ғыз
nbr	ғылар
nbr	ғыларын
nbr	ғыларына
nbr	ғыларға
nbr	ғылы
nbr	ғылып
nbr	ғылық
nbr	ғылықты
nbr	ғыма
nbr	ғымды
nbr	ғымен
nbr	ғымызға
nbr	ғымын
nbr	ғын
nbr	ғына
nbr	ғынан
nbr	ғында
nbr	ғындағы
nbr	ғыны
nbr	ғынып
nbr	ғының
nbr	ғып
nbr	ғыпты
nbr	ғыр
nbr	ғырады
nbr	ғырақ
nbr	ғырдай
nbr	ғырдан
nbr	ғырды
nbr	ғырдың
nbr	ғырлар
nbr	ғырлы
nbr	ғырлық
nbr	ғырмақ
nbr	ғырсын
nbr	ғырта
nbr	ғыру
nbr	ғыры
nbr	ғырым
nbr	ғырын
nbr	ғырып
nbr	ғырға
nbr	ғырған
nbr	ғыс
nbr	ғысады
nbr	ғысатын
nbr	ғыспен
nbr	ғыста
nbr	ғыстан
nbr	ғыстары
nbr	ғысты
nbr	ғыстыру
nbr	ғыстырып
nbr	ғыстық
nbr	ғыстың
nbr	ғысу
nbr	ғысушы
nbr	ғысын
nbr	ғысына
nbr	ғысынан
nbr	ғысында
nbr	ғысының
nbr	ғысып
nbr	ғысқа
nbr	ғысқан
nbr	ғытып
nbr	ғыша
nbr	ғышар
nbr	ғыға
nbr	ғыңа
nbr	ғыңда
nbr	ғыңдар
nbr	ғыңды
nbr	ғыңнан
nbr	ғыңның
nbr	қан
nbt	ай
nbt	ак
nbt	ал
nbt	алы
nbt	алын
nbt	алып
nbt	алық
nbt	апты
nbt	арта
nbt	ас
nbt	асаң
nbt	астан
nbt	асы
nbt	асын
nbt	асқа
nbt	ат
nbt	аты
nbt	ақ
nbt	аң
nbt	ба
nbt	бада
nbt	бадай
nbt	бадан
nbt	бадағы
nbt	бады
nbt	бай
nbt	байды
nbt	байдың
nbt	байтын
nbt	бал
nbt	балар
nbt	балардың
nbt	балары
nbt	баларым
nbt	баларымен
nbt	баларымыздың
nbt	баларын
nbt	баларының
nbt	балау
nbt	балаушылар
nbt	балауы
nbt	балақ
nbt	балы
nbt	балық
nbt	бам
nbt	бама
nbt	бамен
nbt	бамнан
nbt	бамның
nbt	бамыз
nbt	бамын
nbt	банда
nbt	бандап
nbt	бандар
nbt	бандары
nbt	баны
nbt	баның
nbt	бап
nbt	бар
nbt	барда
nbt	бардан
nbt	бардар
nbt	барды
nbt	бардың
nbt	барлар
nbt	барлары
nbt	барлау
nbt	барлаушы
nbt	барлы
nbt	барлық
nbt	бармын
nbt	барсыз
nbt	барсың
nbt	баршы
nbt	баршысы
nbt	бары
nbt	барым
nbt	барын
nbt	барына
nbt	барынып
nbt	барыс
nbt	барысты
nbt	барыстың
nbt	барға
nbt	барған
nbt	бас
nbt	басар
nbt	басары
nbt	бастан
nbt	бастау
nbt	бастаушы
nbt	басты
nbt	бастық
nbt	бастың
nbt	басшы
nbt	басшылардың
nbt	басшылық
nbt	басшысы
nbt	басы
nbt	басылы
nbt	басымен
nbt	басын
nbt	басына
nbt	басынан
nbt	басында
nbt	басындағы
nbt	басының
nbt	басыға
nbt	басың
nbt	басқа
nbt	басқан
nbt	бат
nbt	батты
nbt	батын
nbt	батынан
nbt	батыны
nbt	батыр
nbt	батырақ
nbt	бау
nbt	баудан
nbt	баудың
nbt	баушы
nbt	бауы
nbt	бауымен
nbt	башыл
nbt	баға
nbt	баған
nbt	бағы
nbt	бағын
nbt	бағың
nbt	баң
nbt	баңа
nbt	баңдап
nbt	май
nbt	сабын
nbt	сады
nbt	садың
nbt	сал
nbt	сап
nbt	сапты
nbt	сар
nbt	сарлар
nbt	сарлық
nbt	сармыз
nbt	сару
nbt	сары
nbt	сарын
nbt	сарына
nbt	сарыны
nbt	сарының
nbt	сарып
nbt	сарға
nbt	сарған
nbt	сасы
nbt	сасын
nbt	сасың
nbt	сат
nbt	сатты
nbt	саты
nbt	сатын
nbt	сы
nbt	сыл
nbt	сым
nbt	сыма
nbt	сымен
nbt	сымыз
nbt	сымызда
nbt	сымыздан
nbt	сымызды
nbt	сымызға
nbt	сымын
nbt	сына
nbt	сынан
nbt	сында
nbt	сындай
nbt	сындағы
nbt	сыны
nbt	сынып
nbt	сының
nbt	сып
nbt	сыпты
nbt	сыр
nbt	сыратын
nbt	сырақ
nbt	сырда
nbt	сырдан
nbt	сырды
nbt	сырдың
nbt	сырлар
nbt	сырлардың
nbt	сырларға
nbt	сырлық
nbt	сырма
nbt	сырмай
nbt	сырмақ
nbt	сырмен
nbt	сырса
nbt	сыру
nbt	сыры
nbt	сырылған
nbt	сырым
nbt	сырын
nbt	сырына
nbt	сырынбақ
nbt	сырынды
nbt	сырындым
nbt	сырыну
nbt	сырынып
nbt	сырып
nbt	сырға
nbt	сысы
nbt	сыңыз
nbt	сыңызбен
nbt	сыңыздан
nbt	тарынын
nbt	тарқан
nbt	тастарымен
nbt	тастырады
nbt	тастырды
nbt	тастыру
nbt	тастырылады
nbt	тастырылған
nbt	тастырып
nbt	тастырған
nbt	тастықтың
nbt	тасы
nbt	тасым
nbt	татын
nbt	татыны
nbt	тағыл
nbt	тыл
nbt	тылады
nbt	тылды
nbt	тылуы
nbt	тылуымен
nbt	тылуына
nbt	тылы
nbt	тылған
nbt	тымыз
nbt	тымын
nbt	тын
nbt	тып
nbt	тыпты
nbt	тыр
nbt	тыра
nbt	тырады
nbt	тыратын
nbt	тырақ
nbt	тырда
nbt	тырдай
nbt	тырдан
nbt	тырды
nbt	тырдың
nbt	тырлар
nbt	тырлардың
nbt	тырлары
nbt	тырларын
nbt	тырларға
nbt	тырлық
nbt	тырма
nbt	тырмайтын
nbt	тырмыз
nbt	тырсыз
nbt	тырсың
nbt	тыру
nbt	тыруды
nbt	тырулар
nbt	тыруларына
nbt	тырумен
nbt	тырушы
nbt	тырушысы
nbt	тыруымен
nbt	тыруға
nbt	тырша
nbt	тыры
nbt	тырыл
nbt	тырылды
nbt	тырылсын
nbt	тырылып
nbt	тырылған
nbt	тырым
nbt	тырын
nbt	тырынан
nbt	тырының
nbt	тырып
nbt	тырың
nbt	тырыңның
nbt	тырға
nbt	тырған
nbt	тырғы
nbt	тысы
nbt	тысын
nbt	тысына
nbt	тысыну
nbt	тысың
nbt	ул
nbt	улады
nbt	уладық
nbt	улды
nbt	улы
nbt	умын
nbt	ур
nbt	урады
nbt	урадым
nbt	урдың
nbt	урын
nbt	урында
nbt	урынды
nbt	ус
nbt	усақ
nbt	усы
nbt	усыл
nbt	усылды
nbt	усылма
nbt	усылмай
nbt	усылмайды
nbt	усылса
nbt	усылу
nbt	усылып
nbt	усым
nbt	усымда
nbt	усымнан
nbt	усымның
nbt	усын
nbt	усына
nbt	усында
nbt	усының
nbt	усып
nbt	усың
nbt	усыңды
nbt	ут
nbt	утаң
nbt	уымызша
nbt	уынша
nbt	уқ
nbt	уң
nbt	шада
nbt	шадан
nbt	шал
nbt	шалар
nbt	шаларды
nbt	шалардың
nbt	шалары
nbt	шалау
nbt	шалы
nbt	шалық
nbt	шалықты
nbt	шам
nbt	шама
nbt	шамды
nbt	шамен
nbt	шана
nbt	шанда
nbt	шандар
nbt	шаны
nbt	шаның
nbt	шап
nbt	шар
nbt	шарда
nbt	шарды
nbt	шардың
nbt	шарлар
nbt	шарларды
nbt	шарлау
nbt	шарлық
nbt	шары
nbt	шарға
nbt	шасы
nbt	шасын
nbt	шасына
nbt	шасынан
nbt	шасында
nbt	шасындағы
nbt	шасының
nbt	шатады
nbt	шату
nbt	шаға
nbt	шағы
nbt	шаң
nbt	шаңыз
nbt	шына
nbt	шында
nbt	шып
nbt	шыр
nbt	шығы
nbt	ыбын
nbt	ыбына
nbt	ык
nbt	ыла
nbt	ылады
nbt	ылам
nbt	ыласың
nbt	ылатын
nbt	ылатындығы
nbt	ылатыны
nbt	ылба
nbt	ылбас
nbt	ылбастың
nbt	ылбасы
nbt	ылда
nbt	ылдай
nbt	ылдайды
nbt	ылдан
nbt	ылдар
nbt	ылдарды
nbt	ылдардың
nbt	ылдары
nbt	ылдарын
nbt	ылдарынан
nbt	ылдарға
nbt	ылдау
nbt	ылдауы
nbt	ылды
nbt	ылдық
nbt	ылдың
nbt	ылма
nbt	ылмадым
nbt	ылмай
nbt	ылмайды
nbt	ылмайтын
nbt	ылмалы
nbt	ылмас
nbt	ылмасақ
nbt	ылмасын
nbt	ылмаған
nbt	ылмақ
nbt	ылмақшы
nbt	ылмен
nbt	ылса
nbt	ылсақ
nbt	ылсы
nbt	ылсын
nbt	ылтыр
nbt	ылтырдан
nbt	ылу
nbt	ылуда
nbt	ылудан
nbt	ылуы
nbt	ылуымен
nbt	ылуын
nbt	ылуына
nbt	ылуға
nbt	ылша
nbt	ылшы
nbt	ылшылар
nbt	ылы
nbt	ылым
nbt	ылын
nbt	ылына
nbt	ылынан
nbt	ылында
nbt	ылының
nbt	ылып
nbt	ылыс
nbt	ылысатын
nbt	ылысты
nbt	ылыстырып
nbt	ылыстың
nbt	ылысу
nbt	ылың
nbt	ылыңыз
nbt	ылға
nbt	ылған
nbt	ылғандарды
nbt	ылғаны
nbt	ылғанын
nbt	ылғанына
nbt	ылғы
nbt	ымас
nbt	ымдар
nbt	ымдарды
nbt	ымдары
nbt	ымдарын
nbt	ымдарының
nbt	ымын
nbt	ымға
nbt	ынады
nbt	ынап
nbt	ынар
nbt	ынба
nbt	ынбады
nbt	ынбайды
nbt	ынбайтын
nbt	ынбау
nbt	ынбаған
nbt	ындар
nbt	ындары
nbt	ынды
nbt	ындыр
nbt	ындыратын
nbt	ындырды
nbt	ындыру
nbt	ындырылу
nbt	ындырып
nbt	ындырған
nbt	ындық
nbt	ынса
nbt	ынсап
nbt	ыну
nbt	ынуда
nbt	ынуы
nbt	ынын
nbt	ынып
nbt	ынысы
nbt	ынған
nbt	ынғанда
nbt	ынғандығына
nbt	ыппен
nbt	ыптай
nbt	ыптар
nbt	ыптардың
nbt	ыптары
nbt	ыптарын
nbt	ыптау
nbt	ыптаушы
nbt	ыптауға
nbt	ыпқа
nbt	ырады
nbt	ырам
nbt	ырасың
nbt	ыратын
nbt	ырақ
nbt	ырақта
nbt	ырақтап
nbt	ырақтау
nbt	ырақты
nbt	ырақтың
nbt	ыраққа
nbt	ырбайдың
nbt	ырда
nbt	ырдай
nbt	ырдан
nbt	ырдағы
nbt	ырды
nbt	ырдым
nbt	ырдық
nbt	ырдың
nbt	ырлар
nbt	ырларды
nbt	ырлары
nbt	ырларым
nbt	ырларын
nbt	ырлау
nbt	ырлы
nbt	ырлық
nbt	ырлықтардың
nbt	ырма
nbt	ырмай
nbt	ырмайды
nbt	ырмайтын
nbt	ырмақ
nbt	ырмен
nbt	ырмыз
nbt	ырмын
nbt	ырса
nbt	ырсам
nbt	ырсақ
nbt	ырсыз
nbt	ырсыздық
nbt	ырсыздың
nbt	ырсын
nbt	ырсыны
nbt	ырсың
nbt	ыртын
nbt	ыру
nbt	ырушы
nbt	ыршы
nbt	ыры
nbt	ырылатын
nbt	ырылды
nbt	ырылдым
nbt	ырылдық
nbt	ырылмаған
nbt	ырылса
nbt	ырылу
nbt	ырылып
nbt	ырылыс
nbt	ырылысып
nbt	ырылған
nbt	ырым
nbt	ырыма
nbt	ырымда
nbt	ырымды
nbt	ырымен
nbt	ырын
nbt	ырына
nbt	ырынан
nbt	ырында
nbt	ырындағы
nbt	ырынды
nbt	ырының
nbt	ырып
nbt	ырыпты
nbt	ырыс
nbt	ырыстың
nbt	ырысып
nbt	ырың
nbt	ырыңа
nbt	ырыңыз
nbt	ырға
nbt	ырған
nbt	ырғы
nbt	ырғызылған
nbt	ырғысы
nbt	ыс
nbt	ысады
nbt	ысатын
nbt	ыспа
nbt	ыспайтын
nbt	ыспақ
nbt	ыспен
nbt	ыссыз
nbt	ыссыздық
nbt	ыста
nbt	ыстай
nbt	ыстан
nbt	ыстар
nbt	ыстары
nbt	ыстарын
nbt	ыстау
nbt	ысты
nbt	ыстыр
nbt	ыстыру
nbt	ыстырып
nbt	ыстық
nbt	ыстыққа
nbt	ыстың
nbt	ысу
nbt	ысша
nbt	ысы
nbt	ысым
nbt	ысымен
nbt	ысын
nbt	ысына
nbt	ысынан
nbt	ысында
nbt	ысындағы
nbt	ысының
nbt	ысып
nbt	ысыпты
nbt	ысырақ
nbt	ысың
nbt	ысыңды
nbt	ысыңнан
nbt	ысқа
nbt	ысқан
nbt	ыт
nbt	ық
nbt	ғы
nbt	қап
nbt	қар
nbt	қарады
nbt	қарбайдың
nbt	қарда
nbt	қардай
nbt	қардан
nbt	қарды
nbt	қардың
nbt	қарлар
nbt	қарлық
nbt	қару
nbt	қары
nbt	қарып
nbt	қарға
nbt	қасы
nbt	қасының
nbt	қат
nbv	а
nbv	бада
nbv	бадай
nbv	бадан
nbv	бадағы
nbv	бады
nbv	бай
nbv	байды
nbv	байдың
nbv	байтын
nbv	бал
nbv	балар
nbv	балардың
nbv	балары
nbv	баларым
nbv	баларымен
nbv	баларымыздың
nbv	баларын
nbv	баларының
nbv	балау
nbv	балаушылар
nbv	балауы
nbv	балақ
nbv	балы
nbv	балық
nbv	бам
nbv	бама
nbv	бамен
nbv	бамнан
nbv	бамның
nbv	бамыз
nbv	бамын
nbv	банда
nbv	бандап
nbv	бандар
nbv	бандары
nbv	баны
nbv	баның
nbv	бап
nbv	бар
nbv	барда
nbv	бардан
nbv	бардар
nbv	барды
nbv	бардың
nbv	барлар
nbv	барлары
nbv	барлау
nbv	барлаушы
nbv	барлы
nbv	барлық
nbv	бармын
nbv	барсыз
nbv	барсың
nbv	баршы
nbv	баршысы
nbv	бары
nbv	барым
nbv	барын
nbv	барына
nbv	барынып
nbv	барыс
nbv	барысты
nbv	барыстың
nbv	барға
nbv	барған
nbv	бас
nbv	басар
nbv	басары
nbv	бастан
nbv	бастау
nbv	бастаушы
nbv	басты
nbv	бастық
nbv	бастың
nbv	басшы
nbv	басшылардың
nbv	басшылық
nbv	басшысы
nbv	басы
nbv	басылы
nbv	басымен
nbv	басын
nbv	басына
nbv	басынан
nbv	басында
nbv	басындағы
nbv	басының
nbv	басыға
nbv	басың
nbv	басқа
nbv	басқан
nbv	бат
nbv	батты
nbv	батын
nbv	батынан
nbv	батыны
nbv	батыр
nbv	батырақ
nbv	бау
nbv	баудан
nbv	баудың
nbv	баушы
nbv	бауы
nbv	бауымен
nbv	башыл
nbv	баға
nbv	баған
nbv	бағы
nbv	бағын
nbv	бағың
nbv	бақ
nbv	бақшы
nbv	баң
nbv	баңа
nbv	баңдап
nbv	быдан
nbv	бым
nbv	бымен
nbv	бына
nbv	бынан
nbv	бында
nbv	бындағы
nbv	быны
nbv	бының
nbv	бысың
nbv	быға
nbv	бың
nbv	быңды
nbv	дабынан
nbv	дайсып
nbv	дал
nbv	далады
nbv	далу
nbv	далып
nbv	далған
nbv	дап
nbv	дапты
nbv	дас
nbv	даса
nbv	дасады
nbv	дасаң
nbv	даспақ
nbv	дассыз
nbv	дастан
nbv	дастар
nbv	дастардың
nbv	дастары
nbv	дастарым
nbv	дастарымның
nbv	дастарымызға
nbv	дастарын
nbv	дастарына
nbv	дастарының
nbv	дастарға
nbv	дасты
nbv	дастыр
nbv	дастырды
nbv	дастыру
nbv	дастырылған
nbv	дастық
nbv	дастықты
nbv	дастың
nbv	дасу
nbv	дасы
nbv	дасым
nbv	дасымен
nbv	дасымның
nbv	дасын
nbv	дасына
nbv	дасынан
nbv	дасының
nbv	дасып
nbv	дасқа
nbv	дасқан
nbv	дат
nbv	датады
nbv	дату
nbv	датып
nbv	датқан
nbv	дағын
nbv	дағына
nbv	й
nbv	йдым
nbv	йдыр
nbv	йдырды
nbv	йдырып
nbv	йдырған
nbv	йдық
nbv	ймыз
nbv	ймын
nbv	йсыз
nbv	йсың
nbv	йсыңдар
nbv	йы
nbv	йын
nbv	йық
nbv	лам
nbv	ламын
nbv	ларыны
nbv	латын
nbv	латынына
nbv	лаулау
nbv	лақ
nbv	лба
nbv	лдай
nbv	лдайды
nbv	лдар
nbv	лдарды
nbv	лдардың
nbv	лдары
nbv	лдарын
nbv	лдарына
nbv	лдарының
nbv	лдарға
nbv	лдау
nbv	лдағы
nbv	лдыр
nbv	лдырады
nbv	лдырды
nbv	лдырдың
nbv	лдыру
nbv	лдырып
nbv	лдырған
nbv	лма
nbv	лмады
nbv	лмай
nbv	лмайды
nbv	лмайтын
nbv	лмаса
nbv	лмау
nbv	лмаған
nbv	лмағанын
nbv	лмақ
nbv	лмен
nbv	лмын
nbv	лпақ
nbv	лпаң
nbv	лса
nbv	лсам
nbv	лсақ
nbv	лсаң
nbv	лсы
nbv	лсыз
nbv	лсызбен
nbv	лсыздар
nbv	лсыздық
nbv	лсыздыққа
nbv	лсыздың
nbv	лсын
nbv	лсың
nbv	лт
nbv	лту
nbv	лтын
nbv	лтыр
nbv	лтырын
nbv	лу
nbv	луда
nbv	лусыз
nbv	луы
nbv	луын
nbv	луында
nbv	луға
nbv	лша
nbv	лшаны
nbv	лшаның
nbv	лшашы
nbv	лшашылар
nbv	лшы
nbv	лшыдан
nbv	лшылар
nbv	лшыларды
nbv	лшылардың
nbv	лшылары
nbv	лшыларға
nbv	лшылығы
nbv	лшылық
nbv	лшылықты
nbv	лшылыққа
nbv	лшыны
nbv	лшының
nbv	лшыға
nbv	лшығы
nbv	лшығын
nbv	лылар
nbv	лылары
nbv	лыларын
nbv	лылау
nbv	лылы
nbv	лылығы
nbv	лылық
nbv	лыма
nbv	лымды
nbv	лымен
nbv	лымыз
nbv	лымын
nbv	лынан
nbv	лында
nbv	лындағы
nbv	лыны
nbv	лынып
nbv	лының
nbv	лыпты
nbv	лырақ
nbv	лыс
nbv	лыспаған
nbv	лыста
nbv	лысты
nbv	лыстыру
nbv	лыстың
nbv	лысу
nbv	лысы
nbv	лысымен
nbv	лысын
nbv	лысына
nbv	лысып
nbv	лысқа
nbv	лысқан
nbv	лыға
nbv	лықтық
nbv	лың
nbv	лыңа
nbv	лыңда
nbv	лыңды
nbv	лыңнан
nbv	лыңның
nbv	лыңыз
nbv	лғанда
nbv	лғандай
nbv	лғандар
nbv	лғандардың
nbv	лғанды
nbv	лғандығына
nbv	лғанның
nbv	лғанымызда
nbv	лғанын
nbv	лғы
nbv	лғыз
nbv	лғызбын
nbv	лғызды
nbv	лғыздық
nbv	лғыздың
nbv	лғын
nbv	лғыншы
nbv	лғысы
nbv	лғысыз
nbv	лғысын
nbv	мады
nbv	май
nbv	маймыз
nbv	маймын
nbv	майсың
nbv	майсыңдар
nbv	майтын
nbv	майтындығына
nbv	майтындықтан
nbv	майтыны
nbv	майық
nbv	мал
nbv	малы
nbv	мап
nbv	мапты
nbv	мар
nbv	мардай
nbv	мардан
nbv	мардың
nbv	мары
nbv	марға
nbv	марқан
nbv	мас
nbv	маса
nbv	масақ
nbv	масаң
nbv	мастан
nbv	масы
nbv	масыз
nbv	масын
nbv	масына
nbv	масынан
nbv	масында
nbv	масындағы
nbv	масының
nbv	мат
nbv	матын
nbv	мау
nbv	мауда
nbv	мауы
nbv	мауымен
nbv	мауға
nbv	машы
nbv	маған
nbv	мағанда
nbv	мағандай
nbv	мағандықтан
nbv	мағанмен
nbv	мағаны
nbv	мағанын
nbv	мағың
nbv	мақ
nbv	мдар
nbv	мдарды
nbv	мдардың
nbv	мдары
nbv	мдарын
nbv	мдарына
nbv	мдарынан
nbv	мдарында
nbv	мдарының
nbv	мға
nbv	ншыл
nbv	ншылып
nbv	ншылық
nbv	ншып
nbv	ныл
nbv	нылады
nbv	нылатын
nbv	нылып
nbv	нылған
nbv	нымын
nbv	ныстай
nbv	ныстан
nbv	ныстыру
nbv	нысы
nbv	нысым
nbv	нысымен
nbv	нысын
nbv	нысына
nbv	нысынан
nbv	нысыңа
nbv	нысқа
nbv	нытатын
nbv	нытты
nbv	нытып
nbv	пақ
nbv	ппа
nbv	ппады
nbv	ппадым
nbv	ппадық
nbv	ппадың
nbv	ппайды
nbv	ппайсың
nbv	ппаса
nbv	ппасаң
nbv	ппау
nbv	ппаған
nbv	ппақ
nbv	ппен
nbv	ппын
nbv	пса
nbv	псам
nbv	псақ
nbv	псаң
nbv	псыз
nbv	псын
nbv	псың
nbv	пта
nbv	птай
nbv	птайды
nbv	птан
nbv	птар
nbv	птардың
nbv	птармен
nbv	птары
nbv	птарымен
nbv	птарын
nbv	птарына
nbv	птарынан
nbv	птарында
nbv	птарының
nbv	птарға
nbv	птау
nbv	птауға
nbv	птағы
nbv	птым
nbv	птыр
nbv	птырамын
nbv	птырды
nbv	птыру
nbv	птырым
nbv	птырып
nbv	птырған
nbv	птық
nbv	птың
nbv	пу
nbv	пша
nbv	пшаң
nbv	пшы
nbv	пшыдан
nbv	пшылар
nbv	пшылары
nbv	пшылау
nbv	пшылық
nbv	пшының
nbv	пшысы
nbv	пшысынан
nbv	пшысының
nbv	пшыға
nbv	пы
nbv	пыл
nbv	пырақ
nbv	пырақпен
nbv	пырақсыз
nbv	пырақта
nbv	пырақтай
nbv	пырақтан
nbv	пырақтар
nbv	пырақтары
nbv	пырақты
nbv	пырақтың
nbv	пырақша
nbv	пырақшасы
nbv	пыраққа
nbv	пысын
nbv	пқан
nbv	пқыз
nbv	пқызады
nbv	радым
nbv	радың
nbv	рақтап
nbv	рақтық
nbv	рақы
nbv	рбайды
nbv	рдағы
nbv	рдырып
nbv	рлары
nbv	рларын
nbv	рларына
nbv	рларының
nbv	рлы
nbv	рмен
nbv	рмыз
nbv	рмын
nbv	рсы
nbv	рсыда
nbv	рсыз
nbv	рсың
nbv	ртын
nbv	рша
nbv	ршадан
nbv	ршалары
nbv	ршаларың
nbv	ршалау
nbv	ршамыз
nbv	ршамызды
nbv	ршаны
nbv	ршаның
nbv	ршасы
nbv	ршасын
nbv	ршасына
nbv	ршасынан
nbv	ршасының
nbv	ршаң
nbv	ршаңыз
nbv	ршаңызға
nbv	ршыдай
nbv	ршылар
nbv	ршылары
nbv	ршыларын
nbv	ршылық
nbv	ршылықта
nbv	ршылыққа
nbv	ршын
nbv	ршыны
nbv	ршының
nbv	ршысы
nbv	ршыға
nbv	рыдан
nbv	рыл
nbv	рылады
nbv	рылатын
nbv	рылды
nbv	рылдым
nbv	рылмай
nbv	рылмайды
nbv	рылмайтын
nbv	рылмаған
nbv	рылса
nbv	рылсам
nbv	рылу
nbv	рылып
nbv	рылыс
nbv	рылысты
nbv	рылыстың
nbv	рылған
nbv	рым
nbv	рыма
nbv	рымды
nbv	рымен
nbv	рымнан
nbv	рымның
nbv	рымта
nbv	рымыз
nbv	рымызда
nbv	рымызды
nbv	рымыздың
nbv	рымызға
nbv	рымын
nbv	рынан
nbv	рында
nbv	рындағы
nbv	рынды
nbv	рындық
nbv	рыны
nbv	рынын
nbv	рыптық
nbv	рысын
nbv	рыға
nbv	рыңа
nbv	рыңды
nbv	рыңнан
nbv	рыңның
nbv	рғы
nbv	рғыз
nbv	рғызу
nbv	рғызып
nbv	рғын
nbv	рқыз
nbv	сабын
nbv	сады
nbv	садың
nbv	сал
nbv	сам
nbv	сап
nbv	сапты
nbv	сар
nbv	сарлар
nbv	сарлық
nbv	сармыз
nbv	сару
nbv	сары
nbv	сарын
nbv	сарына
nbv	сарыны
nbv	сарының
nbv	сарып
nbv	сарға
nbv	сарған
nbv	сасы
nbv	сасын
nbv	сасың
nbv	сат
nbv	сатты
nbv	саты
nbv	сатын
nbv	сашы
nbv	сақ
nbv	саң
nbv	саңыз
nbv	сбайдың
nbv	спа
nbv	спады
nbv	спайды
nbv	спау
nbv	спақ
nbv	спаңдар
nbv	спен
nbv	спын
nbv	сса
nbv	ссақ
nbv	ссаң
nbv	ссыз
nbv	ссын
nbv	ссың
nbv	ста
nbv	стай
nbv	стар
nbv	старды
nbv	стардың
nbv	стары
nbv	старым
nbv	старымен
nbv	старымыз
nbv	старын
nbv	старына
nbv	старынан
nbv	старының
nbv	старың
nbv	старыңнан
nbv	старға
nbv	стағы
nbv	стын
nbv	стыр
nbv	стыра
nbv	стырады
nbv	стыратын
nbv	стырды
nbv	стыру
nbv	стырылған
nbv	стырып
nbv	стырған
nbv	стық
nbv	стың
nbv	су
nbv	суды
nbv	сушы
nbv	сушылық
nbv	сша
nbv	сшы
nbv	сшылар
nbv	сшылары
nbv	сшылық
nbv	сшылыққа
nbv	сшысы
nbv	сызбен
nbv	сызбын
nbv	сызда
nbv	сыздан
nbv	сыздардың
nbv	сыздау
nbv	сызды
nbv	сыздық
nbv	сыздың
nbv	сызын
nbv	сызға
nbv	сыл
nbv	сым
nbv	сыма
nbv	сымыз
nbv	сымызда
nbv	сымыздан
nbv	сымызды
nbv	сымызға
nbv	сымын
nbv	сыны
nbv	сынып
nbv	сыпты
nbv	сыр
nbv	сыратын
nbv	сырақ
nbv	сырда
nbv	сырдан
nbv	сырды
nbv	сырдың
nbv	сырлар
nbv	сырлардың
nbv	сырларға
nbv	сырлық
nbv	сырма
nbv	сырмай
nbv	сырмақ
nbv	сырмен
nbv	сырса
nbv	сыру
nbv	сыры
nbv	сырылған
nbv	сырым
nbv	сырын
nbv	сырына
nbv	сырынбақ
nbv	сырынды
nbv	сырындым
nbv	сырыну
nbv	сырынып
nbv	сырып
nbv	сырға
nbv	сысы
nbv	сыңа
nbv	сыңда
nbv	сыңдағы
nbv	сыңды
nbv	сыңнан
nbv	сыңның
nbv	сыңыз
nbv	сыңызбен
nbv	сыңыздан
nbv	сқалы
nbv	сқан
nbv	сқаны
nbv	тпен
nbv	тпын
nbv	тсыз
nbv	тсыздық
nbv	тсың
nbv	ттай
nbv	ттар
nbv	ттарды
nbv	ттардың
nbv	ттары
nbv	ттарымен
nbv	ттарын
nbv	ттарына
nbv	ттарынан
nbv	ттарында
nbv	ттарының
nbv	ттарға
nbv	ттау
nbv	ттауға
nbv	ттағы
nbv	тша
nbv	тшада
nbv	тшадан
nbv	тшалар
nbv	тшалардың
nbv	тшалығын
nbv	тшалық
nbv	тшалықты
nbv	тшалықтың
nbv	тшамен
nbv	тшамыз
nbv	тшаның
nbv	тшасы
nbv	тшасыз
nbv	тшасын
nbv	тшасының
nbv	тшаға
nbv	тшаңыз
nbv	тшылар
nbv	тшылардың
nbv	тшылары
nbv	тшылық
nbv	тшының
nbv	тшысы
nbv	тына
nbv	тынан
nbv	тында
nbv	тындағы
nbv	тынды
nbv	тындық
nbv	тынмын
nbv	тыны
nbv	тынын
nbv	тының
nbv	тыр
nbv	тыра
nbv	тырады
nbv	тыратын
nbv	тырақ
nbv	тырда
nbv	тырдай
nbv	тырдан
nbv	тырды
nbv	тырдың
nbv	тырлар
nbv	тырлардың
nbv	тырлары
nbv	тырларын
nbv	тырларға
nbv	тырлық
nbv	тырма
nbv	тырмайтын
nbv	тырмыз
nbv	тырсыз
nbv	тырсың
nbv	тыру
nbv	тыруды
nbv	тырулар
nbv	тыруларына
nbv	тырумен
nbv	тырушы
nbv	тырушысы
nbv	тыруымен
nbv	тыруға
nbv	тырша
nbv	тыры
nbv	тырыл
nbv	тырылды
nbv	тырылсын
nbv	тырылып
nbv	тырылған
nbv	тырым
nbv	тырын
nbv	тырынан
nbv	тырының
nbv	тырып
nbv	тырың
nbv	тырыңның
nbv	тырға
nbv	тырған
nbv	тырғы
nbv	тқызды
nbv	тқызып
nbv	уда
nbv	удан
nbv	удағы
nbv	уды
nbv	удың
nbv	ул
nbv	улады
nbv	уладық
nbv	улар
nbv	уларды
nbv	улардың
nbv	улары
nbv	уларын
nbv	уларына
nbv	уларға
nbv	улды
nbv	улы
nbv	умын
nbv	ур
nbv	урады
nbv	урадым
nbv	урдың
nbv	урын
nbv	урында
nbv	урынды
nbv	ус
nbv	усақ
nbv	усы
nbv	усыз
nbv	усыл
nbv	усылды
nbv	усылма
nbv	усылмай
nbv	усылмайды
nbv	усылса
nbv	усылу
nbv	усылып
nbv	усым
nbv	усымда
nbv	усымнан
nbv	усымның
nbv	усын
nbv	усына
nbv	усында
nbv	усының
nbv	усып
nbv	усың
nbv	усыңды
nbv	ут
nbv	утаң
nbv	ушы
nbv	ушылар
nbv	ушыларды
nbv	ушыларын
nbv	ушыларға
nbv	ушылығы
nbv	ушылық
nbv	ушының
nbv	ушысы
nbv	уы
nbv	уым
nbv	уымен
nbv	уымыз
nbv	уымызды
nbv	уымызша
nbv	уын
nbv	уына
nbv	уынан
nbv	уында
nbv	уынша
nbv	уының
nbv	уыңызға
nbv	уға
nbv	уқ
nbv	уң
nbv	шал
nbv	шалау
nbv	шалық
nbv	шалықты
nbv	шана
nbv	шанда
nbv	шандар
nbv	шап
nbv	шар
nbv	шарда
nbv	шарды
nbv	шардың
nbv	шарлар
nbv	шарларды
nbv	шарлау
nbv	шарлық
nbv	шары
nbv	шарға
nbv	шатады
nbv	шату
nbv	шағы
nbv	шыда
nbv	шыдай
nbv	шыдан
nbv	шылардың
nbv	шылары
nbv	шыларының
nbv	шылау
nbv	шылы
nbv	шылығы
nbv	шым
nbv	шыма
nbv	шымен
nbv	шымыз
nbv	шымын
nbv	шына
nbv	шында
nbv	шыны
nbv	шының
nbv	шып
nbv	шыр
nbv	шырақ
nbv	шырақтай
nbv	шысы
nbv	шысыз
nbv	шысын
nbv	шысына
nbv	шысынан
nbv	шысында
nbv	шысының
nbv	шыға
nbv	шығы
nbv	шың
nbv	шыңа
nbv	шыңды
nbv	ы
nbv	ыл
nbv	ыла
nbv	ылады
nbv	ылам
nbv	ыласың
nbv	ылатын
nbv	ылатындығы
nbv	ылатыны
nbv	ылба
nbv	ылбас
nbv	ылбастың
nbv	ылбасы
nbv	ылда
nbv	ылдай
nbv	ылдайды
nbv	ылдан
nbv	ылдар
nbv	ылдарды
nbv	ылдардың
nbv	ылдары
nbv	ылдарын
nbv	ылдарынан
nbv	ылдарға
nbv	ылдау
nbv	ылдауы
nbv	ылды
nbv	ылдық
nbv	ылдың
nbv	ылма
nbv	ылмадым
nbv	ылмай
nbv	ылмайды
nbv	ылмайтын
nbv	ылмалы
nbv	ылмас
nbv	ылмасақ
nbv	ылмасын
nbv	ылмаған
nbv	ылмақ
nbv	ылмақшы
nbv	ылмен
nbv	ылса
nbv	ылсақ
nbv	ылсы
nbv	ылсын
nbv	ылтыр
nbv	ылтырдан
nbv	ылу
nbv	ылуда
nbv	ылудан
nbv	ылуы
nbv	ылуымен
nbv	ылуын
nbv	ылуына
nbv	ылуға
nbv	ылша
nbv	ылшы
nbv	ылшылар
nbv	ылы
nbv	ылым
nbv	ылын
nbv	ылына
nbv	ылынан
nbv	ылында
nbv	ылының
nbv	ылып
nbv	ылыс
nbv	ылысатын
nbv	ылысты
nbv	ылыстырып
nbv	ылыстың
nbv	ылысу
nbv	ылың
nbv	ылыңыз
nbv	ылға
nbv	ылған
nbv	ылғандарды
nbv	ылғаны
nbv	ылғанын
nbv	ылғанына
nbv	ылғы
nbv	ым
nbv	ыма
nbv	ымас
nbv	ымда
nbv	ымдар
nbv	ымдарды
nbv	ымдары
nbv	ымдарын
nbv	ымдарының
nbv	ымдағы
nbv	ымды
nbv	ыммен
nbv	ымнан
nbv	ымның
nbv	ымсыз
nbv	ымша
nbv	ымын
nbv	ымға
nbv	ын
nbv	ына
nbv	ынады
nbv	ынан
nbv	ынап
nbv	ынар
nbv	ынба
nbv	ынбады
nbv	ынбайды
nbv	ынбайтын
nbv	ынбау
nbv	ынбаған
nbv	ында
nbv	ындай
nbv	ындар
nbv	ындары
nbv	ындағы
nbv	ындағылардан
nbv	ындағыларды
nbv	ынды
nbv	ындыр
nbv	ындыратын
nbv	ындырды
nbv	ындыру
nbv	ындырылу
nbv	ындырып
nbv	ындырған
nbv	ындық
nbv	ынмын
nbv	ынса
nbv	ынсап
nbv	ынсыз
nbv	ыну
nbv	ынуда
nbv	ынуы
nbv	ынша
nbv	ыны
nbv	ынын
nbv	ынып
nbv	ынысы
nbv	ының
nbv	ынған
nbv	ынғанда
nbv	ынғандығына
nbv	ып
nbv	ың
nbv	ыңа
nbv	ыңда
nbv	ыңдай
nbv	ыңдар
nbv	ыңдағы
nbv	ыңды
nbv	ыңмен
nbv	ыңмын
nbv	ыңнан
nbv	ыңның
nbv	ғал
nbv	ғалы
nbv	ғамыз
nbv	ғамын
nbv	ғап
nbv	ғар
nbv	ғардай
nbv	ғарлы
nbv	ғарлық
nbv	ғармай
nbv	ғармыз
nbv	ғарсың
nbv	ғары
nbv	ғарыда
nbv	ғарыдан
nbv	ғарыдағы
nbv	ғарып
nbv	ғарыға
nbv	ғарға
nbv	ғарғы
nbv	ғас
nbv	ғасады
nbv	ғасты
nbv	ғастыр
nbv	ғастыру
nbv	ғастырған
nbv	ғастық
nbv	ғастықты
nbv	ғасы
nbv	ғасыз
nbv	ғасымен
nbv	ғасын
nbv	ғасына
nbv	ғасынан
nbv	ғасында
nbv	ғасындағы
nbv	ғасының
nbv	ғасып
nbv	ғасың
nbv	ғасқа
nbv	ғасқан
nbv	ғат
nbv	ғаты
nbv	ғатын
nbv	ғыз
nbv	ғызатын
nbv	ғызбасты
nbv	ғызбақ
nbv	ғызды
nbv	ғыздық
nbv	ғыздың
nbv	ғызыл
nbv	ғызылса
nbv	ғызылған
nbv	ғызын
nbv	ғызып
nbv	ғызғанымен
nbv	ғылып
nbv	ғылық
nbv	ғылықты
nbv	ғындағы
nbv	ғынып
nbv	ғыпты
nbv	ғыр
nbv	ғырады
nbv	ғырақ
nbv	ғырдай
nbv	ғырдан
nbv	ғырды
nbv	ғырдың
nbv	ғырлар
nbv	ғырлы
nbv	ғырлық
nbv	ғырмақ
nbv	ғырсын
nbv	ғырта
nbv	ғыру
nbv	ғыры
nbv	ғырым
nbv	ғырын
nbv	ғырып
nbv	ғырға
nbv	ғырған
nbv	ғыс
nbv	ғысады
nbv	ғысатын
nbv	ғыспен
nbv	ғыста
nbv	ғыстан
nbv	ғыстары
nbv	ғысты
nbv	ғыстыру
nbv	ғыстырып
nbv	ғыстық
nbv	ғыстың
nbv	ғысу
nbv	ғысушы
nbv	ғысып
nbv	ғысқа
nbv	ғысқан
nbv	ғытып
nbv	ғышар
nbv	ңар
nbv	ңарды
nbv	ңару
nbv	ңарған
nbv	ңас
nbv	ңасы
nbv	ңасың
nbv	ңдары
nbv	ңдарын
nbv	ңдарына
nbv	ңдарында
nbv	ңын
nbv	ңға
nbv	ңқа
nbz	ак
nbz	ал
nbz	алы
nbz	алын
nbz	алып
nbz	алық
nbz	арта
nbz	астан
nbz	асы
nbz	асқа
nbz	ат
nbz	аты
nbz	ба
nbz	бада
nbz	бадай
nbz	бадан
nbz	бадағы
nbz	бады
nbz	бай
nbz	байды
nbz	байдың
nbz	байтын
nbz	бал
nbz	балар
nbz	балардың
nbz	балары
nbz	баларым
nbz	баларымен
nbz	баларымыздың
nbz	баларын
nbz	баларының
nbz	балау
nbz	балаушылар
nbz	балауы
nbz	балақ
nbz	балы
nbz	балық
nbz	бам
nbz	бама
nbz	бамен
nbz	бамнан
nbz	бамның
nbz	бамыз
nbz	бамын
nbz	банда
nbz	бандап
nbz	бандар
nbz	бандары
nbz	баны
nbz	баның
nbz	бап
nbz	бар
nbz	барда
nbz	бардан
nbz	бардар
nbz	барды
nbz	бардың
nbz	барлар
nbz	барлары
nbz	барлау
nbz	барлаушы
nbz	барлы
nbz	барлық
nbz	бармын
nbz	барсыз
nbz	барсың
nbz	баршы
nbz	баршысы
nbz	бары
nbz	барым
nbz	барын
nbz	барына
nbz	барынып
nbz	барыс
nbz	барысты
nbz	барыстың
nbz	барға
nbz	барған
nbz	бас
nbz	басар
nbz	басары
nbz	бастан
nbz	бастау
nbz	бастаушы
nbz	басты
nbz	бастық
nbz	бастың
nbz	басшы
nbz	басшылардың
nbz	басшылық
nbz	басшысы
nbz	басы
nbz	басылы
nbz	басымен
nbz	басын
nbz	басына
nbz	басынан
nbz	басында
nbz	басындағы
nbz	басының
nbz	басыға
nbz	басың
nbz	басқа
nbz	басқан
nbz	бат
nbz	батты
nbz	батын
nbz	батынан
nbz	батыны
nbz	батыр
nbz	батырақ
nbz	бау
nbz	баудан
nbz	баудың
nbz	баушы
nbz	бауы
nbz	бауымен
nbz	башыл
nbz	баға
nbz	баған
nbz	бағы
nbz	бағын
nbz	бағың
nbz	бақ
nbz	бақан
nbz	бақшы
nbz	баң
nbz	баңа
nbz	баңдап
nbz	дабынан
nbz	дайсып
nbz	дал
nbz	далады
nbz	далу
nbz	далып
nbz	далған
nbz	дапты
nbz	дас
nbz	даса
nbz	дасады
nbz	дасаң
nbz	даспақ
nbz	дассыз
nbz	дастан
nbz	дастар
nbz	дастардың
nbz	дастары
nbz	дастарым
nbz	дастарымның
nbz	дастарымызға
nbz	дастарын
nbz	дастарына
nbz	дастарының
nbz	дастарға
nbz	дасты
nbz	дастыр
nbz	дастырды
nbz	дастыру
nbz	дастырылған
nbz	дастық
nbz	дастықты
nbz	дастың
nbz	дасу
nbz	дасы
nbz	дасым
nbz	дасымен
nbz	дасымның
nbz	дасын
nbz	дасына
nbz	дасынан
nbz	дасының
nbz	дасып
nbz	дасқа
nbz	дасқан
nbz	датады
nbz	дату
nbz	датқан
nbz	даусызда
nbz	даушылар
nbz	даушылардың
nbz	даушылық
nbz	даушыны
nbz	даушының
nbz	даушысы
nbz	дауыт
nbz	дағын
nbz	дағына
nbz	дып
nbz	дыра
nbz	дырады
nbz	дыратын
nbz	дыратыны
nbz	дырақ
nbz	дырдай
nbz	дырдан
nbz	дырды
nbz	дырдың
nbz	дырлардың
nbz	дырмай
nbz	дырмайды
nbz	дырмақ
nbz	дыртады
nbz	дыру
nbz	дыруды
nbz	дыруларды
nbz	дырулардың
nbz	дырушы
nbz	дыруға
nbz	дырыл
nbz	дырылады
nbz	дырылуы
nbz	дырылуын
nbz	дырылған
nbz	дырып
nbz	дырған
nbz	дырғанда
nbz	дырғанына
nbz	дысу
nbz	дысы
nbz	дысымен
nbz	дысын
nbz	дысыну
nbz	дысының
nbz	дысып
nbz	дысқан
nbz	сабын
nbz	сады
nbz	садың
nbz	сал
nbz	сап
nbz	сапты
nbz	сар
nbz	сарлар
nbz	сарлық
nbz	сармыз
nbz	сару
nbz	сары
nbz	сарын
nbz	сарына
nbz	сарыны
nbz	сарының
nbz	сарып
nbz	сарға
nbz	сарған
nbz	сасы
nbz	сасын
nbz	сасың
nbz	сат
nbz	сатты
nbz	саты
nbz	сатын
nbz	сы
nbz	сызбен
nbz	сызбын
nbz	сызда
nbz	сыздан
nbz	сыздау
nbz	сызды
nbz	сыздық
nbz	сыздың
nbz	сызын
nbz	сызға
nbz	сыл
nbz	сым
nbz	сыма
nbz	сымен
nbz	сымыз
nbz	сымызда
nbz	сымыздан
nbz	сымызды
nbz	сымызға
nbz	сымын
nbz	сына
nbz	сынан
nbz	сында
nbz	сындай
nbz	сындағы
nbz	сыны
nbz	сынып
nbz	сының
nbz	сып
nbz	сыпты
nbz	сыр
nbz	сыратын
nbz	сырақ
nbz	сырда
nbz	сырдан
nbz	сырды
nbz	сырдың
nbz	сырлар
nbz	сырлардың
nbz	сырларға
nbz	сырлық
nbz	сырма
nbz	сырмай
nbz	сырмақ
nbz	сырмен
nbz	сырса
nbz	сыру
nbz	сыры
nbz	сырылған
nbz	сырым
nbz	сырын
nbz	сырына
nbz	сырынбақ
nbz	сырынды
nbz	сырындым
nbz	сырыну
nbz	сырынып
nbz	сырып
nbz	сырға
nbz	сысы
nbz	сыңыз
nbz	сыңызбен
nbz	сыңыздан
nbz	тыратын
nbz	тырлық
nbz	тырма
nbz	тырмайтын
nbz	тыру
nbz	тыруды
nbz	тырулар
nbz	тыруларына
nbz	тырумен
nbz	тырушы
nbz	тырушысы
nbz	тыруымен
nbz	тыруға
nbz	тырыл
nbz	тырылды
nbz	тырылсын
nbz	тырылып
nbz	тырылған
nbz	тырып
nbz	тырған
nbz	тырғы
nbz	ул
nbz	улады
nbz	уладық
nbz	улды
nbz	ур
nbz	урады
nbz	урадым
nbz	урдың
nbz	урын
nbz	урында
nbz	урынды
nbz	ус
nbz	усақ
nbz	усы
nbz	усыл
nbz	усылды
nbz	усылма
nbz	усылмай
nbz	усылмайды
nbz	усылса
nbz	усылу
nbz	усылып
nbz	усым
nbz	усымда
nbz	усымнан
nbz	усымның
nbz	усын
nbz	усына
nbz	усында
nbz	усының
nbz	усып
nbz	усыңды
nbz	ут
nbz	утаң
nbz	уқ
nbz	уң
nbz	шада
nbz	шадан
nbz	шал
nbz	шалар
nbz	шаларды
nbz	шалардың
nbz	шалары
nbz	шалау
nbz	шалы
nbz	шалық
nbz	шалықты
nbz	шам
nbz	шама
nbz	шамды
nbz	шамен
nbz	шана
nbz	шанда
nbz	шандар
nbz	шаны
nbz	шаның
nbz	шап
nbz	шар
nbz	шарда
nbz	шарды
nbz	шардың
nbz	шарлар
nbz	шарларды
nbz	шарлау
nbz	шарлық
nbz	шары
nbz	шарға
nbz	шасы
nbz	шасын
nbz	шасына
nbz	шасынан
nbz	шасында
nbz	шасындағы
nbz	шасының
nbz	шатады
nbz	шату
nbz	шаға
nbz	шағы
nbz	шаң
nbz	шаңыз
nbz	шыда
nbz	шыдай
nbz	шыдан
nbz	шылар
nbz	шылардың
nbz	шылары
nbz	шыларының
nbz	шылау
nbz	шылығы
nbz	шылық
nbz	шым
nbz	шыма
nbz	шымен
nbz	шымыз
nbz	шымын
nbz	шына
nbz	шында
nbz	шыны
nbz	шының
nbz	шып
nbz	шыр
nbz	шырақ
nbz	шырақтай
nbz	шысы
nbz	шысыз
nbz	шысын
nbz	шысына
nbz	шысынан
nbz	шысында
nbz	шысының
nbz	шыға
nbz	шың
nbz	шыңа
nbz	шыңды
nbz	ыбын
nbz	ыбына
nbz	ык
nbz	ыл
nbz	ыла
nbz	ылады
nbz	ылам
nbz	ыласың
nbz	ылатын
nbz	ылатындығы
nbz	ылатыны
nbz	ылба
nbz	ылбас
nbz	ылбастың
nbz	ылбасы
nbz	ылда
nbz	ылдай
nbz	ылдайды
nbz	ылдан
nbz	ылдар
nbz	ылдарды
nbz	ылдардың
nbz	ылдары
nbz	ылдарын
nbz	ылдарынан
nbz	ылдарға
nbz	ылдау
nbz	ылдауы
nbz	ылды
nbz	ылдық
nbz	ылдың
nbz	ылма
nbz	ылмадым
nbz	ылмай
nbz	ылмайды
nbz	ылмайтын
nbz	ылмалы
nbz	ылмас
nbz	ылмасақ
nbz	ылмасын
nbz	ылмаған
nbz	ылмақ
nbz	ылмақшы
nbz	ылмен
nbz	ылса
nbz	ылсақ
nbz	ылсы
nbz	ылсын
nbz	ылтыр
nbz	ылтырдан
nbz	ылу
nbz	ылуда
nbz	ылудан
nbz	ылуы
nbz	ылуымен
nbz	ылуын
nbz	ылуына
nbz	ылуға
nbz	ылша
nbz	ылшы
nbz	ылшылар
nbz	ылым
nbz	ылын
nbz	ылына
nbz	ылынан
nbz	ылында
nbz	ылының
nbz	ылып
nbz	ылыс
nbz	ылысатын
nbz	ылысты
nbz	ылыстырып
nbz	ылыстың
nbz	ылысу
nbz	ылың
nbz	ылыңыз
nbz	ылға
nbz	ылған
nbz	ылғандарды
nbz	ылғаны
nbz	ылғанын
nbz	ылғанына
nbz	ылғы
nbz	ымас
nbz	ымдар
nbz	ымдарды
nbz	ымдары
nbz	ымдарын
nbz	ымдарының
nbz	ымға
nbz	ынап
nbz	ындар
nbz	ындары
nbz	ындыр
nbz	ындыратын
nbz	ындырды
nbz	ындыру
nbz	ындырылу
nbz	ындырып
nbz	ындырған
nbz	ынсап
nbz	ынын
nbz	ынысы
nbz	ыппен
nbz	ыптай
nbz	ыптар
nbz	ыптардың
nbz	ыптары
nbz	ыптарын
nbz	ыптау
nbz	ыптаушы
nbz	ыптауға
nbz	ыпқа
nbz	ыр
nbz	ырады
nbz	ырам
nbz	ырасың
nbz	ыратын
nbz	ырбайдың
nbz	ырда
nbz	ырдай
nbz	ырдан
nbz	ырдағы
nbz	ырды
nbz	ырдым
nbz	ырдық
nbz	ырдың
nbz	ырлар
nbz	ырларды
nbz	ырлары
nbz	ырларым
nbz	ырларын
nbz	ырлау
nbz	ырлы
nbz	ырлық
nbz	ырлықтардың
nbz	ырма
nbz	ырмай
nbz	ырмайды
nbz	ырмайтын
nbz	ырмақ
nbz	ырмен
nbz	ырмыз
nbz	ырмын
nbz	ырса
nbz	ырсам
nbz	ырсақ
nbz	ырсыз
nbz	ырсыздық
nbz	ырсыздың
nbz	ырсын
nbz	ырсыны
nbz	ырсың
nbz	ыртын
nbz	ыру
nbz	ырушы
nbz	ыршы
nbz	ыры
nbz	ырылатын
nbz	ырылды
nbz	ырылдым
nbz	ырылдық
nbz	ырылмаған
nbz	ырылса
nbz	ырылу
nbz	ырылып
nbz	ырылыс
nbz	ырылысып
nbz	ырылған
nbz	ырым
nbz	ырыма
nbz	ырымда
nbz	ырымды
nbz	ырымен
nbz	ырын
nbz	ырына
nbz	ырынан
nbz	ырында
nbz	ырындағы
nbz	ырынды
nbz	ырының
nbz	ырып
nbz	ырыпты
nbz	ырыс
nbz	ырыстың
nbz	ырысып
nbz	ырың
nbz	ырыңа
nbz	ырыңыз
nbz	ырға
nbz	ырған
nbz	ырғы
nbz	ырғызылған
nbz	ырғысы
nbz	ыспен
nbz	ыссыз
nbz	ыссыздық
nbz	ыста
nbz	ыстай
nbz	ыстан
nbz	ыстар
nbz	ыстары
nbz	ыстарын
nbz	ыстыр
nbz	ыстыру
nbz	ыстырып
nbz	ыстыққа
nbz	ысша
nbz	ысым
nbz	ысырақ
nbz	ысыңды
nbz	ысыңнан
nbz	ысқа
nbz	ық
nbz	ғал
nbz	ғармай
nbz	ғарыда
nbz	ғарыдан
nbz	ғарыдағы
nbz	ғарып
nbz	ғарыға
nbz	ғарғы
nbz	ғастыр
nbz	ғастыру
nbz	ғастырған
nbz	ғастықты
nbz	ғасқа
nbz	ғат
nbz	ғаты
nbz	ғатын
nbz	ғыз
nbz	ғызатын
nbz	ғызбасты
nbz	ғызбақ
nbz	ғызды
nbz	ғыздық
nbz	ғыздың
nbz	ғызыл
nbz	ғызылса
nbz	ғызылған
nbz	ғызын
nbz	ғызып
nbz	ғызғанымен
nbz	ғылып
nbz	ғылық
nbz	ғылықты
nbz	ғына
nbz	ғынан
nbz	ғынып
nbz	ғып
nbz	ғыпты
nbz	ғыр
nbz	ғырады
nbz	ғырақ
nbz	ғырдай
nbz	ғырдан
nbz	ғырды
nbz	ғырдың
nbz	ғырлар
nbz	ғырлы
nbz	ғырлық
nbz	ғырмақ
nbz	ғырсын
nbz	ғырта
nbz	ғыру
nbz	ғыры
nbz	ғырым
nbz	ғырын
nbz	ғырып
nbz	ғырға
nbz	ғырған
nbz	ғыс
nbz	ғысады
nbz	ғысатын
nbz	ғыспен
nbz	ғыста
nbz	ғыстан
nbz	ғыстары
nbz	ғысты
nbz	ғыстыру
nbz	ғыстырып
nbz	ғыстық
nbz	ғыстың
nbz	ғысу
nbz	ғысушы
nbz	ғысып
nbz	ғысқа
nbz	ғысқан
nbz	ғытып
nbz	ғышар
nfn	бе
nfn	беге
nfn	беген
nfn	бегенін
nfn	бегі
nfn	бегім
nfn	беді
nfn	бей
nfn	беймін
nfn	бейсің
nfn	бек
nfn	белері
nfn	белеу
nfn	бем
nfn	бенде
nfn	беп
nfn	бер
nfn	бес
nfn	бесеңдер
nfn	бестік
nfn	бесі
nfn	бесіз
nfn	бесін
nfn	бет
nfn	бетін
nfn	беу
nfn	бең
nfn	беңдеп
nfn	гел
nfn	гелек
nfn	гелмей
nfn	гелі
nfn	гемін
nfn	ген
nfn	гер
nfn	герге
nfn	герді
nfn	гердің
nfn	герлер
nfn	герлердің
nfn	герлері
nfn	герлерінің
nfn	герлік
nfn	гермейтін
nfn	герсің
nfn	геру
nfn	гершілік
nfn	гері
nfn	герім
nfn	геріп
nfn	геріс
nfn	геріссіз
nfn	гесі
nfn	гесіз
nfn	гесін
nfn	гесінің
nfn	гет
nfn	гетсіз
nfn	гетін
nfn	гетінің
nfn	гілеу
nfn	гілік
nfn	гін
nfn	гінде
nfn	гіндегі
nfn	гіне
nfn	гінен
nfn	гіп
nfn	гіпті
nfn	гір
nfn	гірді
nfn	гірдің
nfn	гірек
nfn	гірлік
nfn	гіршін
nfn	гірім
nfn	гіс
nfn	гіспен
nfn	гістеу
nfn	гістің
nfn	гісіздеу
nfn	гісіздікке
nfn	гісіп
nfn	дейлеу
nfn	дейлік
nfn	дейлікті
nfn	дейсіздік
nfn	дейшіл
nfn	дейшілік
nfn	дел
nfn	делген
nfn	деледі
nfn	деліп
nfn	депті
nfn	дес
nfn	десе
nfn	деседі
nfn	десек
nfn	десем
nfn	дескен
nfn	дескенмін
nfn	десті
nfn	дестік
nfn	дестірмек
nfn	дестіру
nfn	десу
nfn	десі
nfn	десімен
nfn	десін
nfn	десінде
nfn	десіндегі
nfn	десіне
nfn	десінен
nfn	десінің
nfn	десіп
nfn	дет
nfn	детеді
nfn	деткен
nfn	детті
nfn	дету
nfn	детін
nfn	детіп
nfn	деуге
nfn	деуде
nfn	деудегі
nfn	деуден
nfn	деудің
nfn	деулер
nfn	деулі
nfn	деулік
nfn	деумен
nfn	деусіз
nfn	деуші
nfn	деушіге
nfn	деушілер
nfn	деушілердің
nfn	деуі
nfn	деуімен
nfn	деуін
nfn	деуіне
nfn	деуінен
nfn	деуінің
nfn	дім
nfn	дімін
nfn	дір
nfn	дірген
nfn	діргісі
nfn	дірден
nfn	дірді
nfn	дірдік
nfn	дірдің
nfn	діре
nfn	діреді
nfn	дірек
nfn	діремін
nfn	діретін
nfn	дірмей
nfn	дірсек
nfn	діру
nfn	діруге
nfn	діруде
nfn	діріл
nfn	дірілген
nfn	діріле
nfn	діріледі
nfn	діріп
nfn	дісі
nfn	дісін
nfn	е
nfn	еді
nfn	едік
nfn	едім
nfn	едіқ
nfn	едің
nfn	ей
nfn	ейік
nfn	ейін
nfn	ек
nfn	елі
nfn	ем
nfn	еміз
nfn	емін
nfn	ер
nfn	ерде
nfn	ердей
nfn	ерлік
nfn	ермін
nfn	ерсің
nfn	ері
nfn	еріміз
nfn	ерін
nfn	ес
nfn	есең
nfn	еске
nfn	естен
nfn	естеу
nfn	есі
nfn	есіз
nfn	есін
nfn	есің
nfn	есіңдер
nfn	ет
nfn	еткен
nfn	етсіз
nfn	еті
nfn	етіп
nfn	еқ
nfn	ең
nfn	се
nfn	седі
nfn	сек
nfn	сел
nfn	селген
nfn	селді
nfn	селін
nfn	сем
nfn	сеп
nfn	сер
nfn	серген
nfn	серке
nfn	сермін
nfn	серу
nfn	серуші
nfn	серілетін
nfn	серіп
nfn	сесі
nfn	сесін
nfn	сесіне
nfn	сесінен
nfn	сетін
nfn	сең
nfn	сеңіз
nfn	сі
nfn	сібіне
nfn	сізге
nfn	сізде
nfn	сізден
nfn	сіздерді
nfn	сіздердің
nfn	сіздеу
nfn	сізді
nfn	сіздің
nfn	сізі
nfn	сізін
nfn	сіл
nfn	сім
nfn	сімен
nfn	сіміз
nfn	сімін
nfn	сінде
nfn	сіндегі
nfn	сіні
nfn	сіпті
nfn	сіптің
nfn	сір
nfn	сірді
nfn	сірдің
nfn	сірлі
nfn	сірлік
nfn	сірі
nfn	сірін
nfn	сірің
nfn	сісі
nfn	сісін
nfn	сіңіз
nfn	у
nfn	шеге
nfn	шегі
nfn	шегідей
nfn	шегіден
nfn	шегім
nfn	шегін
nfn	шегінің
nfn	шеде
nfn	шеден
nfn	шел
nfn	шелер
nfn	шелерді
nfn	шелердің
nfn	шелері
nfn	шелерінің
nfn	шелерің
nfn	шелеу
nfn	шелі
nfn	шелік
nfn	шем
nfn	шемді
nfn	шеме
nfn	шемен
nfn	шеммен
nfn	шенде
nfn	шендер
nfn	шендерді
nfn	шендердің
nfn	шендерінің
nfn	шене
nfn	шенелі
nfn	шені
nfn	шенің
nfn	шер
nfn	шесі
nfn	шесін
nfn	шесіне
nfn	шесінен
nfn	шесінің
nfn	шетін
nfn	шешер
nfn	шең
nfn	шеңді
nfn	шеңіз
nfn	шіге
nfn	шігіп
nfn	шідей
nfn	шіден
nfn	шілер
nfn	шілердің
nfn	шілері
nfn	шілі
nfn	шілігі
nfn	шілігін
nfn	шілік
nfn	шілікке
nfn	шім
nfn	шінде
nfn	шіне
nfn	шіні
nfn	шінің
nfn	шіпті
nfn	шір
nfn	шірген
nfn	шіруші
nfn	шірім
nfn	шірімді
nfn	шіріңіз
nfn	шісі
nfn	шісін
nfn	шісіне
nfn	шісінің
nfn	шің
nfn	шіңдер
nfn	шіңіз
nfn	ік
nfn	іл
nfn	ілбе
nfn	ілге
nfn	ілген
nfn	ілгендей
nfn	ілгеннен
nfn	ілгеніне
nfn	ілде
nfn	ілдегі
nfn	ілдей
nfn	ілдейді
nfn	ілден
nfn	ілдер
nfn	ілдерді
nfn	ілдердің
nfn	ілдері
nfn	ілдерін
nfn	ілдеріне
nfn	ілдеу
nfn	ілді
nfn	ілдік
nfn	ілдіктер
nfn	ілдіктің
nfn	ілдім
nfn	ілдің
nfn	іле
nfn	іледі
nfn	ілерін
nfn	ілетін
nfn	ілетінін
nfn	ілме
nfn	ілмеген
nfn	ілмеді
nfn	ілмей
nfn	ілмейді
nfn	ілмек
nfn	ілмен
nfn	ілмеуі
nfn	ілсе
nfn	ілсі
nfn	ілсіз
nfn	ілсін
nfn	ілу
nfn	ілуде
nfn	ілуден
nfn	ілулер
nfn	ілуі
nfn	ілуін
nfn	ілі
nfn	ілім
nfn	ілімде
nfn	ілімдегі
nfn	ілімді
nfn	іліме
nfn	ілімен
nfn	іліммен
nfn	ілімнен
nfn	ілімнің
nfn	іліміз
nfn	ілімізге
nfn	ілін
nfn	ілінде
nfn	іліндегі
nfn	іліне
nfn	ілінен
nfn	ілінің
nfn	іліп
nfn	іліс
nfn	ілің
nfn	іліңді
nfn	іліңе
nfn	іліңіз
nfn	іліңізде
nfn	іліңізді
nfn	імге
nfn	імдер
nfn	імдерге
nfn	імдерді
nfn	імдердің
nfn	імдері
nfn	імдерінің
nfn	імет
nfn	іметке
nfn	іметтер
nfn	іметтерді
nfn	іметтердің
nfn	іметтің
nfn	іметі
nfn	імін
nfn	інбе
nfn	інбегенін
nfn	інбейді
nfn	інбеймін
nfn	інбес
nfn	інген
nfn	інгендей
nfn	інді
nfn	індік
nfn	індір
nfn	індірсек
nfn	індіріп
nfn	інеді
nfn	інемін
nfn	інеп
nfn	інер
nfn	інесің
nfn	інетін
nfn	іну
nfn	інуі
nfn	іні
nfn	інін
nfn	ініп
nfn	ініпті
nfn	іп
nfn	ір
nfn	ірге
nfn	ірген
nfn	іргі
nfn	ірде
nfn	ірдегі
nfn	ірдей
nfn	ірден
nfn	ірді
nfn	ірдің
nfn	іреді
nfn	ірең
nfn	ірлер
nfn	ірлерге
nfn	ірлерді
nfn	ірлердің
nfn	ірлермен
nfn	ірлері
nfn	ірлерінен
nfn	ірлеу
nfn	ірлеуде
nfn	ірлі
nfn	ірлік
nfn	ірлікпен
nfn	ірліксіз
nfn	ірліктен
nfn	ірме
nfn	ірмен
nfn	ірсіз
nfn	ірте
nfn	іру
nfn	ірушілер
nfn	ірше
nfn	ірші
nfn	іршіге
nfn	іршінің
nfn	ірі
nfn	ірілген
nfn	ірілмей
nfn	ірім
nfn	ірімде
nfn	ірімді
nfn	ірімен
nfn	ірімсіз
nfn	ірін
nfn	ірінде
nfn	іріне
nfn	ірінен
nfn	іріні
nfn	ірінің
nfn	іріп
nfn	ірің
nfn	іс
nfn	ісетін
nfn	іспе
nfn	іспей
nfn	іспеуді
nfn	іссе
nfn	іссіз
nfn	істе
nfn	істей
nfn	істен
nfn	істер
nfn	істерді
nfn	істердің
nfn	істі
nfn	істік
nfn	істікке
nfn	істіксіз
nfn	істіктен
nfn	істіктерді
nfn	істіктері
nfn	істіктерін
nfn	істікті
nfn	істіктік
nfn	істіктің
nfn	істір
nfn	істің
nfn	ісу
nfn	ісі
nfn	ісіз
nfn	ісім
nfn	ісімен
nfn	ісін
nfn	ісінде
nfn	ісіне
nfn	ісінен
nfn	ісінің
nfn	ісіп
nfn	ісің
nfn	іт
nfn	ітті
nfn	іқ
nfn	іңге
nfn	іңкесі
nfr	бе
nfr	беге
nfr	беген
nfr	бегенін
nfr	бегі
nfr	бегім
nfr	беді
nfr	бей
nfr	беймін
nfr	бейсің
nfr	бек
nfr	белері
nfr	белеу
nfr	бем
nfr	бенде
nfr	беп
nfr	бер
nfr	бес
nfr	бесеңдер
nfr	бестік
nfr	бесі
nfr	бесіз
nfr	бесін
nfr	бет
nfr	бетін
nfr	беу
nfr	бең
nfr	беңдеп
nfr	гел
nfr	гелек
nfr	гелмей
nfr	гемін
nfr	гер
nfr	герге
nfr	герді
nfr	гердің
nfr	герлер
nfr	герлердің
nfr	герлері
nfr	герлерінің
nfr	герлік
nfr	гермейтін
nfr	герсің
nfr	геру
nfr	гершілік
nfr	гері
nfr	герім
nfr	геріп
nfr	геріс
nfr	геріссіз
nfr	гесі
nfr	гесіз
nfr	гесін
nfr	гесінің
nfr	гет
nfr	гетсіз
nfr	гетін
nfr	гетінің
nfr	гілік
nfr	гін
nfr	гінде
nfr	гіндегі
nfr	гіне
nfr	гінен
nfr	гіп
nfr	гіпті
nfr	гір
nfr	гірді
nfr	гірдің
nfr	гірлік
nfr	гіршін
nfr	гірім
nfr	гіс
nfr	гіспен
nfr	гістеу
nfr	гістің
nfr	гісіздеу
nfr	гісіздікке
nfr	гісіп
nfr	дел
nfr	делген
nfr	деледі
nfr	деліп
nfr	деп
nfr	депті
nfr	дес
nfr	десе
nfr	деседі
nfr	десек
nfr	десем
nfr	дескен
nfr	дескенмін
nfr	десті
nfr	дестік
nfr	дестірмек
nfr	дестіру
nfr	десу
nfr	десі
nfr	десімен
nfr	десін
nfr	десінде
nfr	десіндегі
nfr	десіне
nfr	десінен
nfr	десінің
nfr	десіп
nfr	дет
nfr	детеді
nfr	деткен
nfr	детті
nfr	дету
nfr	детін
nfr	детіп
nfr	едік
nfr	едім
nfr	едіқ
nfr	едің
nfr	ей
nfr	ек
nfr	елі
nfr	ес
nfr	есең
nfr	еске
nfr	естен
nfr	естеу
nfr	есі
nfr	есін
nfr	ет
nfr	еткен
nfr	етсіз
nfr	еті
nfr	етіп
nfr	еқ
nfr	ең
nfr	л
nfr	лге
nfr	лген
nfr	лгі
nfr	лгіден
nfr	лгізу
nfr	лгін
nfr	лгісі
nfr	лде
nfr	лдегі
nfr	лдей
nfr	лден
nfr	лдер
nfr	лдерге
nfr	лдерде
nfr	лдерден
nfr	лдерді
nfr	лдердің
nfr	лдері
nfr	лдерін
nfr	лдерінде
nfr	лдеріне
nfr	лдерінен
nfr	лдерінің
nfr	лдеу
nfr	лді
nfr	лдік
nfr	лдір
nfr	лдірек
nfr	лдіру
nfr	лдің
nfr	лек
nfr	лем
nfr	леріні
nfr	летін
nfr	ллер
nfr	лме
nfr	лмеген
nfr	лмеді
nfr	лмей
nfr	лмейді
nfr	лмейтін
nfr	лмен
nfr	лмесе
nfr	лпек
nfr	лсе
nfr	лсем
nfr	лсі
nfr	лсіз
nfr	лсіздік
nfr	лсін
nfr	лт
nfr	лту
nfr	лтуге
nfr	лтір
nfr	лтірген
nfr	лтірді
nfr	лтірдім
nfr	лтірсең
nfr	лтіріп
nfr	лу
nfr	луде
nfr	луі
nfr	лше
nfr	лшесі
nfr	лші
nfr	ліге
nfr	лілеу
nfr	лілі
nfr	лілігі
nfr	лілігін
nfr	лілік
nfr	лім
nfr	ліме
nfr	лімен
nfr	ліміз
nfr	лімізге
nfr	лімізде
nfr	ліміздің
nfr	лімін
nfr	лін
nfr	лінген
nfr	лінде
nfr	лінді
nfr	ліне
nfr	лінеді
nfr	лінен
nfr	ліні
nfr	лінің
nfr	ліп
nfr	ліпті
nfr	лірек
nfr	ліс
nfr	ліседі
nfr	лісетін
nfr	ліскен
nfr	лісті
nfr	лістіру
nfr	лістіріп
nfr	лісу
nfr	лісі
nfr	лісілген
nfr	лісіп
nfr	лің
nfr	ліңді
nfr	ліңе
nfr	ліңнен
nfr	ліңнің
nfr	ліңіз
nfr	менсіз
nfr	мізбен
nfr	мізге
nfr	мізде
nfr	міздегі
nfr	мізден
nfr	мізді
nfr	міздің
nfr	мізін
nfr	седі
nfr	сел
nfr	селген
nfr	селді
nfr	селін
nfr	сеп
nfr	сер
nfr	серген
nfr	серке
nfr	сермін
nfr	серу
nfr	серуші
nfr	серілетін
nfr	серіп
nfr	сесі
nfr	сесін
nfr	сесіне
nfr	сесінен
nfr	сетін
nfr	сі
nfr	сібіне
nfr	сізге
nfr	сізде
nfr	сізден
nfr	сіздеу
nfr	сізді
nfr	сіздің
nfr	сізі
nfr	сізін
nfr	сіл
nfr	сім
nfr	сімен
nfr	сіміз
nfr	сімін
nfr	сінде
nfr	сіндегі
nfr	сіні
nfr	сіп
nfr	сіпті
nfr	сіптің
nfr	сір
nfr	сірді
nfr	сірдің
nfr	сірлі
nfr	сірлік
nfr	сірі
nfr	сірін
nfr	сірің
nfr	сісі
nfr	сісін
nfr	сіңіз
nfr	тібі
nfr	тін
nfr	шіге
nfr	шігі
nfr	шігіп
nfr	шідей
nfr	шіден
nfr	шіл
nfr	шілер
nfr	шілердің
nfr	шілері
nfr	шілі
nfr	шілігі
nfr	шілігін
nfr	шілік
nfr	шілікке
nfr	шім
nfr	шінде
nfr	шіне
nfr	шіні
nfr	шінің
nfr	шіпті
nfr	шір
nfr	шірген
nfr	шіруші
nfr	шірім
nfr	шірімді
nfr	шіріңіз
nfr	шісі
nfr	шісін
nfr	шісіне
nfr	шісінің
nfr	шің
nfr	шіңдер
nfr	шіңіз
nfr	ілбе
nfr	ілге
nfr	ілде
nfr	ілдегі
nfr	ілдей
nfr	ілдейді
nfr	ілден
nfr	ілдер
nfr	ілдерді
nfr	ілдердің
nfr	ілдері
nfr	ілдерін
nfr	ілдеріне
nfr	ілдеу
nfr	ілдіктер
nfr	ілдіктің
nfr	ілмен
nfr	ілсі
nfr	ілсіз
nfr	ілі
nfr	ілім
nfr	ілімде
nfr	ілімдегі
nfr	ілімді
nfr	іліме
nfr	ілімен
nfr	іліммен
nfr	ілімнен
nfr	ілімнің
nfr	іліміз
nfr	ілімізге
nfr	ілін
nfr	ілінде
nfr	іліндегі
nfr	іліне
nfr	ілінен
nfr	ілінің
nfr	іліс
nfr	іліңді
nfr	іліңе
nfr	іліңізде
nfr	іліңізді
nfr	імге
nfr	імдер
nfr	імдерге
nfr	імдерді
nfr	імдердің
nfr	імдері
nfr	імдерінің
nfr	імет
nfr	іметке
nfr	іметтер
nfr	іметтерді
nfr	іметтердің
nfr	іметтің
nfr	іметі
nfr	імін
nfr	інбе
nfr	інбегенін
nfr	інбейді
nfr	інбеймін
nfr	інбес
nfr	інген
nfr	інгендей
nfr	інді
nfr	індік
nfr	індір
nfr	індірсек
nfr	індіріп
nfr	інеді
nfr	інемін
nfr	інеп
nfr	інер
nfr	інесің
nfr	інетін
nfr	іну
nfr	інуі
nfr	іні
nfr	інін
nfr	ініп
nfr	ініпті
nfr	іпке
nfr	іппе
nfr	іптер
nfr	іптерді
nfr	іптеу
nfr	іптік
nfr	іптің
nfr	ір
nfr	ірге
nfr	ірген
nfr	іргі
nfr	ірде
nfr	ірдегі
nfr	ірдей
nfr	ірден
nfr	ірді
nfr	ірдің
nfr	іреді
nfr	ірек
nfr	ірең
nfr	ірлер
nfr	ірлерге
nfr	ірлерді
nfr	ірлердің
nfr	ірлермен
nfr	ірлері
nfr	ірлерінен
nfr	ірлеу
nfr	ірлеуде
nfr	ірлі
nfr	ірлік
nfr	ірлікпен
nfr	ірліксіз
nfr	ірліктен
nfr	ірме
nfr	ірмен
nfr	ірсіз
nfr	ірте
nfr	іру
nfr	ірушілер
nfr	ірше
nfr	ірші
nfr	іршіге
nfr	іршінің
nfr	ірі
nfr	ірілген
nfr	ірілмей
nfr	ірім
nfr	ірімде
nfr	ірімді
nfr	ірімен
nfr	ірімсіз
nfr	ірін
nfr	ірінде
nfr	іріне
nfr	ірінен
nfr	іріні
nfr	ірінің
nfr	іріп
nfr	ірің
nfr	іссіз
nfr	істе
nfr	істей
nfr	істен
nfr	істер
nfr	істерді
nfr	істердің
nfr	істікке
nfr	істіксіз
nfr	істіктен
nfr	істіктерді
nfr	істіктері
nfr	істіктерін
nfr	істікті
nfr	істіктік
nfr	істіктің
nfr	істір
nfr	ісі
nfr	ісіз
nfr	ісім
nfr	ісімен
nfr	ісін
nfr	ісінде
nfr	ісіне
nfr	ісінен
nfr	ісінің
nfr	іт
nfr	ітті
nfr	іқ
nfr	іңге
nfr	іңкесі
nft	бе
nft	беге
nft	беген
nft	бегенін
nft	бегі
nft	бегім
nft	беді
nft	бей
nft	беймін
nft	бейсің
nft	бек
nft	белері
nft	белеу
nft	бем
nft	бенде
nft	беп
nft	бер
nft	бес
nft	бесеңдер
nft	бестік
nft	бесі
nft	бесіз
nft	бесін
nft	бет
nft	бетін
nft	беу
nft	бең
nft	беңдеп
nft	гі
nft	гіге
nft	гідей
nft	гілер
nft	гілерге
nft	гілерде
nft	гілерден
nft	гілерді
nft	гілердің
nft	гілері
nft	гілеу
nft	гілі
nft	гілік
nft	гім
nft	гімді
nft	гіме
nft	гімен
nft	гіміз
nft	гімізді
nft	гін
nft	гінде
nft	гіндегі
nft	гіне
nft	гінен
nft	гіні
nft	гінің
nft	гіп
nft	гіпті
nft	гір
nft	гірді
nft	гірдің
nft	гірек
nft	гірлік
nft	гіршін
nft	гірім
nft	гіс
nft	гіспен
nft	гістеу
nft	гістің
nft	гісі
nft	гісіз
nft	гісіздеу
nft	гісіздікке
nft	гісін
nft	гісіне
nft	гісінен
nft	гісінің
nft	гісіп
nft	гің
nft	гіңде
nft	гіңді
nft	гіңе
nft	гіңнен
nft	гіңнің
nft	гіңізді
nft	е
nft	еді
nft	едік
nft	едім
nft	едіқ
nft	едің
nft	ей
nft	ейік
nft	ейін
nft	ек
nft	елі
nft	ем
nft	еміз
nft	емін
nft	ен
nft	ер
nft	ерде
nft	ердей
nft	ерлік
nft	ермін
nft	ерсің
nft	ері
nft	еріміз
nft	ерін
nft	ес
nft	есең
nft	еске
nft	естен
nft	естеу
nft	есі
nft	есіз
nft	есін
nft	есің
nft	есіңдер
nft	ет
nft	еткен
nft	етсіз
nft	еті
nft	етін
nft	етіп
nft	еқ
nft	ең
nft	кел
nft	келген
nft	келі
nft	кем
nft	кеміз
nft	кен
nft	керге
nft	керде
nft	керден
nft	керді
nft	кердің
nft	керлер
nft	керлерге
nft	керлерді
nft	керлердің
nft	керлері
nft	керлерін
nft	керлеріне
nft	керлерінің
nft	керлік
nft	керлікпен
nft	кері
nft	керім
nft	керіне
nft	керінің
nft	кесі
nft	кесінің
nft	пе
nft	пеген
nft	пегенде
nft	пегенмен
nft	пегеніне
nft	педі
nft	пей
nft	пейтін
nft	пек
nft	пес
nft	песе
nft	песем
nft	песке
nft	пестен
nft	песі
nft	песін
nft	пет
nft	пеу
nft	пеуді
nft	се
nft	седі
nft	сел
nft	селген
nft	селді
nft	селін
nft	сем
nft	сеп
nft	сер
nft	серген
nft	серке
nft	сермін
nft	серу
nft	серуші
nft	серілетін
nft	серіп
nft	сесі
nft	сесін
nft	сесіне
nft	сесінен
nft	сетін
nft	сеңіз
nft	сі
nft	сібіне
nft	сіздік
nft	сіл
nft	сім
nft	сімен
nft	сіміз
nft	сімін
nft	сін
nft	сінде
nft	сіндегі
nft	сіне
nft	сінен
nft	сіні
nft	сініп
nft	сінің
nft	сіп
nft	сіпті
nft	сіптің
nft	сір
nft	сірді
nft	сірдің
nft	сірлі
nft	сірлік
nft	сірі
nft	сірін
nft	сірің
nft	сісі
nft	сісін
nft	сіңіз
nft	терек
nft	тестер
nft	тестердің
nft	тестері
nft	тестерімен
nft	тестерін
nft	тестерінің
nft	тестікке
nft	тестікте
nft	тестіктер
nft	тестіктерін
nft	тестікті
nft	тестіктің
nft	тестіру
nft	тесі
nft	тесім
nft	тесіндегі
nft	тесінің
nft	тет
nft	тете
nft	тетемін
nft	тететін
nft	тету
nft	тетін
nft	теуір
nft	тіл
nft	тілген
nft	тілгеніне
nft	тілді
nft	тіледі
nft	тілсе
nft	тілі
nft	тіліп
nft	тім
nft	тін
nft	тіп
nft	тір
nft	тірген
nft	тірді
nft	тіре
nft	тіреді
nft	тірейік
nft	тірек
nft	тіреміз
nft	тіретін
nft	тірлер
nft	тіру
nft	тіруге
nft	тірумен
nft	тіруі
nft	тіруіміз
nft	тірі
nft	тіріден
nft	тіріл
nft	тірілген
nft	тірілді
nft	тірілуде
nft	тірілуін
nft	тірін
nft	тірінің
nft	тіріп
nft	тісі
nft	тісін
nft	тісіну
nft	у
nft	уге
nft	уде
nft	удегі
nft	удеміз
nft	уден
nft	уді
nft	удің
nft	ул
nft	улер
nft	улері
nft	улерін
nft	улерінде
nft	улеріңе
nft	улі
nft	улім
nft	уліне
nft	ум
nft	умен
nft	ур
nft	усі
nft	усіз
nft	усін
nft	уі
nft	уім
nft	уімен
nft	уіміз
nft	уін
nft	уінде
nft	уіне
nft	уінше
nft	уінің
nft	уіңді
nft	уіңіз
nft	шеге
nft	шегі
nft	шегідей
nft	шегіден
nft	шегім
nft	шегін
nft	шегінің
nft	шеде
nft	шеден
nft	шел
nft	шелер
nft	шелерді
nft	шелердің
nft	шелері
nft	шелерінің
nft	шелерің
nft	шелеу
nft	шелі
nft	шелік
nft	шем
nft	шемді
nft	шеме
nft	шемен
nft	шеммен
nft	шенде
nft	шендер
nft	шендерді
nft	шендердің
nft	шендерінің
nft	шене
nft	шенелі
nft	шені
nft	шенің
nft	шер
nft	шесі
nft	шесін
nft	шесіне
nft	шесінен
nft	шесінің
nft	шетін
nft	шешер
nft	шең
nft	шеңді
nft	шеңіз
nft	шіге
nft	шігіп
nft	шідей
nft	шіден
nft	шілердің
nft	шілері
nft	шілі
nft	шім
nft	шінде
nft	шіне
nft	шіні
nft	шінің
nft	шіпті
nft	шір
nft	шірген
nft	шіруші
nft	шірім
nft	шірімді
nft	шіріңіз
nft	шісі
nft	шісін
nft	шісіне
nft	шісінің
nft	шің
nft	шіңдер
nft	шіңіз
nft	іл
nft	ілбе
nft	ілге
nft	ілген
nft	ілгендей
nft	ілгеннен
nft	ілгеніне
nft	ілде
nft	ілдегі
nft	ілдей
nft	ілдейді
nft	ілден
nft	ілдер
nft	ілдерді
nft	ілдердің
nft	ілдері
nft	ілдерін
nft	ілдеріне
nft	ілдеу
nft	ілді
nft	ілдік
nft	ілдіктер
nft	ілдіктің
nft	ілдім
nft	ілдің
nft	іле
nft	іледі
nft	ілерін
nft	ілетін
nft	ілетінін
nft	ілме
nft	ілмеген
nft	ілмеді
nft	ілмей
nft	ілмейді
nft	ілмек
nft	ілмен
nft	ілмеуі
nft	ілсе
nft	ілсі
nft	ілсіз
nft	ілсін
nft	ілу
nft	ілуде
nft	ілуден
nft	ілулер
nft	ілуі
nft	ілуін
nft	ілі
nft	ілім
nft	ілімде
nft	ілімдегі
nft	ілімді
nft	іліме
nft	ілімен
nft	іліммен
nft	ілімнен
nft	ілімнің
nft	іліміз
nft	ілімізге
nft	ілін
nft	ілінде
nft	іліндегі
nft	іліне
nft	ілінен
nft	ілінің
nft	іліп
nft	іліс
nft	ілің
nft	іліңді
nft	іліңе
nft	іліңіз
nft	іліңізде
nft	іліңізді
nft	імге
nft	імдер
nft	імдерге
nft	імдерді
nft	імдердің
nft	імдері
nft	імдерінің
nft	імет
nft	іметке
nft	іметтер
nft	іметтерді
nft	іметтердің
nft	іметтің
nft	іметі
nft	імін
nft	інбе
nft	інбегенін
nft	інбейді
nft	інбеймін
nft	інбес
nft	інген
nft	інгендей
nft	інді
nft	індік
nft	індір
nft	індірсек
nft	індіріп
nft	інеді
nft	інемін
nft	інеп
nft	інер
nft	інесің
nft	інетін
nft	іну
nft	інуі
nft	іні
nft	інін
nft	ініп
nft	ініпті
nft	іп
nft	іпті
nft	ірге
nft	ірген
nft	іргі
nft	ірде
nft	ірдегі
nft	ірдей
nft	ірден
nft	ірді
nft	ірдің
nft	іреді
nft	ірек
nft	ірекке
nft	іректе
nft	іректегі
nft	іректеп
nft	іректері
nft	ірең
nft	ірлер
nft	ірлерге
nft	ірлерді
nft	ірлердің
nft	ірлермен
nft	ірлері
nft	ірлерінен
nft	ірлеу
nft	ірлеуде
nft	ірлі
nft	ірлік
nft	ірлікпен
nft	ірліксіз
nft	ірліктен
nft	ірме
nft	ірмен
nft	ірсіз
nft	ірте
nft	іру
nft	ірушілер
nft	ірше
nft	ірші
nft	іршіге
nft	іршінің
nft	ірі
nft	ірілген
nft	ірілмей
nft	ірім
nft	ірімде
nft	ірімді
nft	ірімен
nft	ірімсіз
nft	ірін
nft	ірінде
nft	іріне
nft	ірінен
nft	іріні
nft	ірінің
nft	іріп
nft	ірің
nft	іс
nft	ісетін
nft	іспе
nft	іспей
nft	іспеуді
nft	іссе
nft	іссіз
nft	істе
nft	істей
nft	істен
nft	істер
nft	істерді
nft	істердің
nft	істі
nft	істік
nft	істікке
nft	істіксіз
nft	істіктен
nft	істіктерді
nft	істіктері
nft	істіктерін
nft	істікті
nft	істіктік
nft	істіктің
nft	істір
nft	істің
nft	ісу
nft	ісі
nft	ісіз
nft	ісім
nft	ісімен
nft	ісін
nft	ісінде
nft	ісіне
nft	ісінен
nft	ісінің
nft	ісіп
nft	ісің
nft	іт
nft	ітті
nft	іқ
nft	іңге
nft	іңкесі
nfv	бебі
nfv	бек
nfv	бі
nfv	бім
nfv	бімді
nfv	бімен
nfv	гел
nfv	гелек
nfv	гелмей
nfv	гелі
nfv	гемін
nfv	гер
nfv	герге
nfv	герді
nfv	гердің
nfv	герлер
nfv	герлердің
nfv	герлері
nfv	герлерінің
nfv	герлік
nfv	гермейтін
nfv	герсің
nfv	геру
nfv	гершілік
nfv	гері
nfv	герім
nfv	геріп
nfv	геріс
nfv	геріссіз
nfv	гесі
nfv	гесіз
nfv	гесін
nfv	гесінің
nfv	гет
nfv	гетсіз
nfv	гетін
nfv	гетінің
nfv	гіз
nfv	гізбеген
nfv	гізбеді
nfv	гізбек
nfv	гізген
nfv	гізгені
nfv	гізді
nfv	гіздің
nfv	гізе
nfv	гізеді
nfv	гіземіз
nfv	гізер
nfv	гізері
nfv	гізетін
nfv	гізетінін
nfv	гізу
nfv	гізуге
nfv	гізуде
nfv	гізуші
nfv	гізіл
nfv	гізілген
nfv	гізілді
nfv	гізіле
nfv	гізіледі
nfv	гізілмеген
nfv	гізілсін
nfv	гізілу
nfv	гізілуде
nfv	гізілуі
nfv	гізіліп
nfv	гізін
nfv	гізіп
nfv	гілік
nfv	гіп
nfv	гіпті
nfv	гір
nfv	гірді
nfv	гірдің
nfv	гірлік
nfv	гіршін
nfv	гірім
nfv	гіс
nfv	гіспен
nfv	гістеу
nfv	гістің
nfv	гісіздеу
nfv	гісіздікке
nfv	гісіп
nfv	дейлеу
nfv	дейлік
nfv	дейлікті
nfv	дейсіздік
nfv	дейшіл
nfv	дейшілік
nfv	дел
nfv	делген
nfv	деледі
nfv	деліп
nfv	деп
nfv	депті
nfv	дес
nfv	десе
nfv	деседі
nfv	десек
nfv	десем
nfv	дескен
nfv	дескенмін
nfv	десті
nfv	дестік
nfv	дестірмек
nfv	дестіру
nfv	десу
nfv	десі
nfv	десімен
nfv	десін
nfv	десінде
nfv	десіндегі
nfv	десіне
nfv	десінен
nfv	десінің
nfv	десіп
nfv	дет
nfv	детеді
nfv	деткен
nfv	детті
nfv	дету
nfv	детін
nfv	детіп
nfv	етін
nfv	й
nfv	йдір
nfv	йдің
nfv	йміз
nfv	ймін
nfv	йсіз
nfv	йсің
nfv	йтін
nfv	йі
nfv	йік
nfv	йін
nfv	кен
nfv	кенде
nfv	кендей
nfv	кенді
nfv	кендігі
nfv	кендігімізге
nfv	кендігін
nfv	кендігіне
nfv	кендіктерін
nfv	кенмен
nfv	кеннен
nfv	кеннің
nfv	кенсіз
nfv	кенсің
nfv	кенше
nfv	кені
nfv	кенін
nfv	кеніне
nfv	лге
nfv	лгі
nfv	лгіден
nfv	лгізу
nfv	лгін
nfv	лде
nfv	лдегі
nfv	лдей
nfv	лден
nfv	лдер
nfv	лдерге
nfv	лдерде
nfv	лдерден
nfv	лдерді
nfv	лдердің
nfv	лдері
nfv	лдерін
nfv	лдерінде
nfv	лдеріне
nfv	лдерінен
nfv	лдерінің
nfv	лдеу
nfv	лдірек
nfv	ледім
nfv	ледің
nfv	лек
nfv	леріні
nfv	леушілер
nfv	леушілердің
nfv	леушілік
nfv	ллер
nfv	лмен
nfv	лпек
nfv	лсі
nfv	лсіз
nfv	лсіздік
nfv	лт
nfv	лту
nfv	лтуге
nfv	лтір
nfv	лтірген
nfv	лтірді
nfv	лтірдім
nfv	лтірсең
nfv	лтіріп
nfv	лше
nfv	лшесі
nfv	ліге
nfv	лілеу
nfv	лілі
nfv	лілігі
nfv	лілігін
nfv	лілік
nfv	лім
nfv	ліме
nfv	лімен
nfv	ліміз
nfv	лімізге
nfv	лімізде
nfv	ліміздің
nfv	лімін
nfv	лін
nfv	лінген
nfv	лінде
nfv	лінді
nfv	ліне
nfv	лінеді
nfv	лінен
nfv	ліні
nfv	лінің
nfv	лірек
nfv	лістіру
nfv	лістіріп
nfv	лісі
nfv	лісілген
nfv	ліңді
nfv	ліңе
nfv	ліңнен
nfv	ліңнің
nfv	мегелі
nfv	меген
nfv	мегендіктерінен
nfv	мегенім
nfv	меді
nfv	медік
nfv	мей
nfv	мейді
nfv	мел
nfv	мелі
nfv	меліне
nfv	меміз
nfv	мепті
nfv	мер
nfv	мері
nfv	мерін
nfv	меріне
nfv	мерінен
nfv	мес
nfv	месе
nfv	меспін
nfv	местей
nfv	местен
nfv	месі
nfv	месін
nfv	месіне
nfv	месінен
nfv	месінің
nfv	мет
nfv	метке
nfv	меттей
nfv	меттердің
nfv	метті
nfv	меттің
nfv	меті
nfv	метін
nfv	метіне
nfv	метінің
nfv	меу
nfv	меуге
nfv	меуі
nfv	меңдер
nfv	мізін
nfv	ншігінде
nfv	ншіл
nfv	ніл
nfv	німіз
nfv	німін
nfv	ніп
nfv	нірек
nfv	ніс
nfv	ніссіз
nfv	нісі
nfv	нісін
nfv	птік
nfv	птір
nfv	птірді
nfv	птірілген
nfv	птіріп
nfv	птің
nfv	рбейді
nfv	рбек
nfv	ргі
nfv	рде
nfv	рдегі
nfv	рдей
nfv	рден
nfv	ректік
nfv	рлер
nfv	рлердің
nfv	рлері
nfv	рлерін
nfv	рлерінде
nfv	рлеу
nfv	рлі
nfv	рлік
nfv	рмен
nfv	рміз
nfv	рмін
nfv	рпін
nfv	рсі
nfv	рсіз
nfv	рсіздік
nfv	рсің
nfv	рте
nfv	ртік
nfv	ртін
nfv	рше
nfv	ршілігін
nfv	ршілік
nfv	ршілікке
nfv	ршілікте
nfv	ршіліктен
nfv	ршілікті
nfv	ршіліктің
nfv	ріге
nfv	ріде
nfv	рідегі
nfv	ріден
nfv	ріме
nfv	рімен
nfv	ріміз
nfv	рінде
nfv	ріне
nfv	рінен
nfv	ріні
nfv	рінің
nfv	ріптік
nfv	ріссіз
nfv	рісін
nfv	ріңді
nfv	сек
nfv	сел
nfv	селген
nfv	селді
nfv	селін
nfv	сеп
nfv	серген
nfv	серке
nfv	серу
nfv	серуші
nfv	серілетін
nfv	серіп
nfv	сесі
nfv	сесін
nfv	сесіне
nfv	сесінен
nfv	сең
nfv	сеңіз
nfv	ске
nfv	скізу
nfv	спен
nfv	спін
nfv	ссіз
nfv	ссің
nfv	сте
nfv	стегі
nfv	стей
nfv	стен
nfv	стер
nfv	стерге
nfv	стерді
nfv	стері
nfv	стерін
nfv	стеу
nfv	стір
nfv	стірді
nfv	стіру
nfv	стіріп
nfv	сібіме
nfv	сібіне
nfv	сізге
nfv	сізде
nfv	сізден
nfv	сіздеу
nfv	сізді
nfv	сіздік
nfv	сіздің
nfv	сізі
nfv	сізін
nfv	сіл
nfv	сім
nfv	сіміз
nfv	сімін
nfv	сіні
nfv	сініп
nfv	сіптің
nfv	сір
nfv	сірді
nfv	сірдің
nfv	сірлі
nfv	сірлік
nfv	сірі
nfv	сірін
nfv	сірің
nfv	сісі
nfv	сісін
nfv	сіңді
nfv	сіңнен
nfv	тке
nfv	ткен
nfv	ткенін
nfv	тмей
nfv	тпе
nfv	тпеді
nfv	тпейді
nfv	тпек
nfv	тпен
nfv	тпесе
nfv	тсе
nfv	тсем
nfv	тсең
nfv	тсіз
nfv	тсіздеу
nfv	тсіздік
nfv	тсін
nfv	тте
nfv	ттегі
nfv	ттей
nfv	ттейді
nfv	ттен
nfv	ттер
nfv	ттерге
nfv	ттерді
nfv	ттердің
nfv	ттері
nfv	ттерінде
nfv	ттерінен
nfv	ттеу
nfv	тті
nfv	ттік
nfv	ттің
nfv	ту
nfv	туге
nfv	туді
nfv	тулер
nfv	туі
nfv	тше
nfv	тші
nfv	тшілер
nfv	тшілердің
nfv	тшілері
nfv	тінде
nfv	тіндегі
nfv	тінді
nfv	тіндік
nfv	тіне
nfv	тінен
nfv	тіні
nfv	тінін
nfv	тінің
nfv	тір
nfv	тірген
nfv	тірді
nfv	тіре
nfv	тіреді
nfv	тірейік
nfv	тірек
nfv	тіреміз
nfv	тіретін
nfv	тірлер
nfv	тіру
nfv	тіруге
nfv	тірумен
nfv	тіруі
nfv	тіруіміз
nfv	тірі
nfv	тіріден
nfv	тіріл
nfv	тірілген
nfv	тірілді
nfv	тірілуде
nfv	тірілуін
nfv	тірін
nfv	тірінің
nfv	тіріп
nfv	уге
nfv	уде
nfv	удегі
nfv	удеміз
nfv	уден
nfv	уді
nfv	удің
nfv	ул
nfv	улер
nfv	улері
nfv	улерін
nfv	улерінде
nfv	улеріңе
nfv	улі
nfv	улім
nfv	уліне
nfv	ум
nfv	умен
nfv	ур
nfv	усі
nfv	усіз
nfv	усін
nfv	уі
nfv	уім
nfv	уімен
nfv	уіміз
nfv	уін
nfv	уінде
nfv	уіне
nfv	уінше
nfv	уінің
nfv	уіңді
nfv	уіңіз
nfv	шеге
nfv	шегі
nfv	шегідей
nfv	шегіден
nfv	шегім
nfv	шегін
nfv	шегінің
nfv	шеде
nfv	шеден
nfv	шел
nfv	шелер
nfv	шелерді
nfv	шелердің
nfv	шелері
nfv	шелерінің
nfv	шелерің
nfv	шелеу
nfv	шелі
nfv	шелік
nfv	шем
nfv	шемді
nfv	шеме
nfv	шемен
nfv	шеммен
nfv	шенде
nfv	шендер
nfv	шендерді
nfv	шендердің
nfv	шендерінің
nfv	шене
nfv	шенелі
nfv	шені
nfv	шенің
nfv	шер
nfv	шесі
nfv	шесін
nfv	шесіне
nfv	шесінен
nfv	шесінің
nfv	шетін
nfv	шешер
nfv	шең
nfv	шеңді
nfv	шеңіз
nfv	шіге
nfv	шігі
nfv	шігіп
nfv	шідей
nfv	шіден
nfv	шіл
nfv	шілер
nfv	шілердің
nfv	шілері
nfv	шілі
nfv	шілігі
nfv	шілігін
nfv	шілік
nfv	шілікке
nfv	шім
nfv	шінде
nfv	шіне
nfv	шіні
nfv	шінің
nfv	шіпті
nfv	шір
nfv	шірген
nfv	шіруші
nfv	шірім
nfv	шірімді
nfv	шіріңіз
nfv	шісі
nfv	шісін
nfv	шісіне
nfv	шісінің
nfv	шің
nfv	шіңдер
nfv	шіңіз
nfv	і
nfv	ім
nfv	ін
nfv	інбе
nfv	інбегенін
nfv	інбейді
nfv	інбеймін
nfv	інбес
nfv	інген
nfv	інгендей
nfv	інде
nfv	індегі
nfv	індей
nfv	індеміз
nfv	інді
nfv	індік
nfv	індір
nfv	індірсек
nfv	індіріп
nfv	іне
nfv	інеді
nfv	інемін
nfv	інен
nfv	інеп
nfv	інер
nfv	інесің
nfv	інетін
nfv	інсіз
nfv	іну
nfv	інуі
nfv	інше
nfv	іні
nfv	інін
nfv	ініп
nfv	ініпті
nfv	інің
nfv	ңге
nfv	ңгер
nfv	ңгерген
nfv	ңгеру
nfv	ңгеріп
nfv	ңдері
nfv	ңеліп
nfv	ңер
nfv	ңес
nfv	ңеседі
nfv	ңеске
nfv	ңесте
nfv	ңестен
nfv	ңестер
nfv	ңесті
nfv	ңестік
nfv	ңестің
nfv	ңесу
nfv	ңесші
nfv	ңесі
nfv	ңесін
nfv	ңесінің
nfv	ңесіп
nfv	ңке
nfv	ңін
nfz	беге
nfz	белері
nfz	белеу
nfz	бем
nfz	бенде
nfz	бер
nfz	бесіз
nfz	бет
nfz	бетін
nfz	беңдеп
nfz	гел
nfz	гелек
nfz	гелмей
nfz	гемін
nfz	гер
nfz	герге
nfz	герді
nfz	гердің
nfz	герлер
nfz	герлердің
nfz	герлері
nfz	герлерінің
nfz	герлік
nfz	гермейтін
nfz	герсің
nfz	геру
nfz	гершілік
nfz	гері
nfz	герім
nfz	геріп
nfz	геріс
nfz	геріссіз
nfz	гесі
nfz	гесіз
nfz	гесін
nfz	гесінің
nfz	гет
nfz	гетсіз
nfz	гетін
nfz	гетінің
nfz	гі
nfz	гіге
nfz	гідей
nfz	гілер
nfz	гілерге
nfz	гілерде
nfz	гілерден
nfz	гілерді
nfz	гілердің
nfz	гілеу
nfz	гілі
nfz	гілік
nfz	гімді
nfz	гіме
nfz	гімен
nfz	гімізді
nfz	гін
nfz	гінде
nfz	гіндегі
nfz	гіне
nfz	гінен
nfz	гіні
nfz	гінің
nfz	гіп
nfz	гіпті
nfz	гір
nfz	гірді
nfz	гірдің
nfz	гірек
nfz	гірлік
nfz	гіршін
nfz	гірім
nfz	гіс
nfz	гіспен
nfz	гістеу
nfz	гістің
nfz	гісіз
nfz	гісіздеу
nfz	гісіздікке
nfz	гісін
nfz	гісіне
nfz	гісінен
nfz	гісінің
nfz	гісіп
nfz	гіңде
nfz	гіңді
nfz	гіңе
nfz	гіңнен
nfz	гіңнің
nfz	гіңізді
nfz	дейлеу
nfz	дейлік
nfz	дейлікті
nfz	дейсіздік
nfz	дейшіл
nfz	дейшілік
nfz	дестірмек
nfz	дестіру
nfz	десі
nfz	десімен
nfz	десінде
nfz	десіндегі
nfz	десіне
nfz	десінен
nfz	десінің
nfz	дет
nfz	детеді
nfz	деткен
nfz	детті
nfz	дету
nfz	детін
nfz	детіп
nfz	деулі
nfz	деулік
nfz	дімін
nfz	дісі
nfz	дісін
nfz	ей
nfz	ек
nfz	ес
nfz	есең
nfz	еске
nfz	естен
nfz	естеу
nfz	ет
nfz	еткен
nfz	етсіз
nfz	еті
nfz	етіп
nfz	еқ
nfz	мек
nfz	пек
nfz	сі
nfz	сібіне
nfz	сіздік
nfz	сіл
nfz	сім
nfz	сімен
nfz	сіміз
nfz	сімін
nfz	сінде
nfz	сіндегі
nfz	сіне
nfz	сінен
nfz	сіні
nfz	сініп
nfz	сінің
nfz	сіп
nfz	сіпті
nfz	сіптің
nfz	сір
nfz	сірді
nfz	сірдің
nfz	сірлі
nfz	сірлік
nfz	сірі
nfz	сірін
nfz	сірің
nfz	сісі
nfz	сісін
nfz	сіңіз
nfz	тін
nfz	тір
nfz	тірген
nfz	тірді
nfz	тіре
nfz	тіреді
nfz	тірейік
nfz	тірек
nfz	тіреміз
nfz	тіретін
nfz	тірлер
nfz	тіру
nfz	тіруге
nfz	тірумен
nfz	тіруі
nfz	тіруіміз
nfz	тірі
nfz	тіріден
nfz	тіріл
nfz	тірілген
nfz	тірілді
nfz	тірілуде
nfz	тірілуін
nfz	тірін
nfz	тірінің
nfz	тіріп
nfz	шеге
nfz	шегі
nfz	шегідей
nfz	шегіден
nfz	шегім
nfz	шегін
nfz	шегінің
nfz	шеде
nfz	шеден
nfz	шел
nfz	шелер
nfz	шелерді
nfz	шелердің
nfz	шелері
nfz	шелерінің
nfz	шелерің
nfz	шелеу
nfz	шелі
nfz	шелік
nfz	шем
nfz	шемді
nfz	шеме
nfz	шемен
nfz	шеммен
nfz	шенде
nfz	шендер
nfz	шендерді
nfz	шендердің
nfz	шендерінің
nfz	шене
nfz	шенелі
nfz	шені
nfz	шенің
nfz	шер
nfz	шесі
nfz	шесін
nfz	шесіне
nfz	шесінен
nfz	шесінің
nfz	шетін
nfz	шешер
nfz	шеңіз
nfz	шіге
nfz	шігі
nfz	шігіп
nfz	шідей
nfz	шіден
nfz	шіл
nfz	шілер
nfz	шілердің
nfz	шілері
nfz	шілі
nfz	шілігі
nfz	шілігін
nfz	шілік
nfz	шілікке
nfz	шім
nfz	шінде
nfz	шіне
nfz	шіні
nfz	шінің
nfz	шіпті
nfz	шір
nfz	шірген
nfz	шіруші
nfz	шірім
nfz	шірімді
nfz	шіріңіз
nfz	шісі
nfz	шісін
nfz	шісіне
nfz	шісінің
nfz	шің
nfz	шіңдер
nfz	шіңіз
nfz	іл
nfz	ілбе
nfz	ілге
nfz	ілген
nfz	ілгендей
nfz	ілгеннен
nfz	ілгеніне
nfz	ілде
nfz	ілдегі
nfz	ілдей
nfz	ілдейді
nfz	ілден
nfz	ілдер
nfz	ілдерді
nfz	ілдердің
nfz	ілдері
nfz	ілдерін
nfz	ілдеріне
nfz	ілдеу
nfz	ілді
nfz	ілдік
nfz	ілдіктер
nfz	ілдіктің
nfz	ілдім
nfz	ілдің
nfz	іле
nfz	іледі
nfz	ілерін
nfz	ілетін
nfz	ілетінін
nfz	ілме
nfz	ілмеген
nfz	ілмеді
nfz	ілмей
nfz	ілмейді
nfz	ілмек
nfz	ілмен
nfz	ілмеуі
nfz	ілсе
nfz	ілсі
nfz	ілсіз
nfz	ілсін
nfz	ілу
nfz	ілуде
nfz	ілуден
nfz	ілулер
nfz	ілуі
nfz	ілуін
nfz	ілі
nfz	ілім
nfz	ілімде
nfz	ілімдегі
nfz	ілімді
nfz	іліме
nfz	ілімен
nfz	іліммен
nfz	ілімнен
nfz	ілімнің
nfz	іліміз
nfz	ілімізге
nfz	ілін
nfz	ілінде
nfz	іліндегі
nfz	іліне
nfz	ілінен
nfz	ілінің
nfz	іліп
nfz	іліс
nfz	ілің
nfz	іліңді
nfz	іліңе
nfz	іліңіз
nfz	іліңізде
nfz	іліңізді
nfz	імет
nfz	іметке
nfz	іметтер
nfz	іметтерді
nfz	іметтердің
nfz	іметтің
nfz	іметі
nfz	інбе
nfz	інбегенін
nfz	інбейді
nfz	інбеймін
nfz	інбес
nfz	інген
nfz	інгендей
nfz	інді
nfz	індік
nfz	індір
nfz	індірсек
nfz	індіріп
nfz	інеді
nfz	інемін
nfz	інеп
nfz	інер
nfz	інесің
nfz	інетін
nfz	іну
nfz	інуі
nfz	іні
nfz	інін
nfz	ініп
nfz	ініпті
nfz	іпке
nfz	іппе
nfz	іптер
nfz	іптерді
nfz	іптеу
nfz	іптік
nfz	іптің
nfz	ірген
nfz	іргі
nfz	іреді
nfz	ірек
nfz	ірең
nfz	ірлеу
nfz	ірлеуде
nfz	ірлік
nfz	ірлікпен
nfz	ірліксіз
nfz	ірліктен
nfz	ірме
nfz	ірте
nfz	іру
nfz	ірушілер
nfz	іршіге
nfz	іршінің
nfz	ірілген
nfz	ірілмей
nfz	іріні
nfz	іріп
nfz	іссіз
nfz	істе
nfz	істей
nfz	істен
nfz	істер
nfz	істерді
nfz	істердің
nfz	істікке
nfz	істіксіз
nfz	істіктен
nfz	істіктерді
nfz	істіктері
nfz	істіктерін
nfz	істікті
nfz	істіктік
nfz	істіктің
nfz	істір
nfz	ісі
nfz	ісіз
nfz	ісім
nfz	ісімен
nfz	ісін
nfz	ісінде
nfz	ісіне
nfz	ісінен
nfz	ісінің
nfz	іт
nfz	ітті
nfz	іқ
nfz	іңге
nfz	іңкесі
vbn	ак
vbn	алық
vbn	басмыз
vbn	басмын
vbn	бағанмыз
vbn	дырмасмыз
vbn	дырмасмын
vbn	дырмағанмыз
vbn	дыртады
vbn	дырғанмыз
vbn	дығы
vbn	сады
vbn	сай
vbn	сайын
vbn	сайық
vbn	самыз
vbn	самын
vbn	сар
vbn	сарда
vbn	сарлық
vbn	сармыз
vbn	сармын
vbn	сарсыз
vbn	сарсыздар
vbn	сарсың
vbn	сарсыңдар
vbn	сас
vbn	састық
vbn	сасыз
vbn	сасыздар
vbn	сасың
vbn	сасыңдар
vbn	сат
vbn	сатады
vbn	сатты
vbn	сату
vbn	сатын
vbn	сатқан
vbn	сы
vbn	сымен
vbn	сымын
vbn	сына
vbn	сынан
vbn	сында
vbn	сындай
vbn	сындап
vbn	сындағы
vbn	сының
vbn	сып
vbn	сыпты
vbn	сыр
vbn	сысу
vbn	сыңыз
vbn	та
vbn	ык
vbn	ылдау
vbn	ылдыру
vbn	ылмасмыз
vbn	ылмасмын
vbn	ылмағанмыз
vbn	ылсы
vbn	ылсыз
vbn	ылы
vbn	ылыс
vbn	ылысатын
vbn	ылыстың
vbn	ылысып
vbn	ылғанмыз
vbn	ылғы
vbn	ымал
vbn	ымалы
vbn	ымас
vbn	ымдар
vbn	ымдарды
vbn	ымдардың
vbn	ымдары
vbn	ымдарын
vbn	ымдарының
vbn	ымдастыру
vbn	ымдасу
vbn	ымдасқан
vbn	ымта
vbn	ымтал
vbn	ымын
vbn	ымға
vbn	ыр
vbn	ырады
vbn	ырда
vbn	ырды
vbn	ырлы
vbn	ырлық
vbn	ырма
vbn	ырмай
vbn	ыры
vbn	ырылу
vbn	ырылып
vbn	ырылған
vbn	ырым
vbn	ырын
vbn	ырына
vbn	ырып
vbn	ырға
vbn	ырған
vbn	ырқан
vbn	ыспасмыз
vbn	ыспасмын
vbn	ыспағанмыз
vbn	ыспен
vbn	ыссыз
vbn	ыста
vbn	ыстан
vbn	ыстар
vbn	ыстарды
vbn	ыстардың
vbn	ыстармен
vbn	ыстары
vbn	ыстарын
vbn	ыстағы
vbn	ыстыр
vbn	ыстыру
vbn	ыстырып
vbn	ысы
vbn	ысым
vbn	ысымен
vbn	ысын
vbn	ысына
vbn	ысынан
vbn	ысында
vbn	ысының
vbn	ысқанмыз
vbn	ыт
vbn	ытты
vbn	ыту
vbn	ытқан
vbn	ыңдап
vbn	ғап
vbn	ғар
vbn	ғарлы
vbn	ғары
vbn	ғасы
vbn	ғасыз
vbn	ғасын
vbn	ғасына
vbn	ғасының
vbn	ғат
vbn	ғаттың
vbn	ғы
vbn	ғыдай
vbn	ғылау
vbn	ғылық
vbn	ғылықты
vbn	ғымен
vbn	ғын
vbn	ғына
vbn	ғынан
vbn	ғында
vbn	ғындағы
vbn	ғының
vbn	ғып
vbn	ғыр
vbn	ғырақ
vbn	ғырдың
vbn	ғырлар
vbn	ғырлардың
vbn	ғытып
vbn	ғышылар
vbr	ай
vbr	алық
vbr	аң
vbr	дау
vbr	даусыз
vbr	дыр
vbr	дыра
vbr	дырады
vbr	дырайын
vbr	дырайық
vbr	дырамыз
vbr	дырамын
vbr	дырар
vbr	дырармыз
vbr	дырармын
vbr	дырарсыз
vbr	дырарсыздар
vbr	дырарсың
vbr	дырарсыңдар
vbr	дырасыз
vbr	дырасыздар
vbr	дырасың
vbr	дырасыңдар
vbr	дыратын
vbr	дыратыны
vbr	дырды
vbr	дырдым
vbr	дырдық
vbr	дырдың
vbr	дырдыңдар
vbr	дырдыңыз
vbr	дырдыңыздар
vbr	дырма
vbr	дырмады
vbr	дырмадым
vbr	дырмадық
vbr	дырмадың
vbr	дырмадыңдар
vbr	дырмадыңыз
vbr	дырмадыңыздар
vbr	дырмай
vbr	дырмайды
vbr	дырмаймыз
vbr	дырмаймын
vbr	дырмайсыз
vbr	дырмайсыздар
vbr	дырмайсың
vbr	дырмайсыңдар
vbr	дырмайтын
vbr	дырмап
vbr	дырмапты
vbr	дырмас
vbr	дырмаса
vbr	дырмасам
vbr	дырмасақ
vbr	дырмасаң
vbr	дырмасаңдар
vbr	дырмасаңыз
vbr	дырмасаңыздар
vbr	дырмасмыз
vbr	дырмасмын
vbr	дырмассыз
vbr	дырмассыздар
vbr	дырмассың
vbr	дырмассыңдар
vbr	дырмау
vbr	дырмаушы
vbr	дырмағалы
vbr	дырмаған
vbr	дырмағанмыз
vbr	дырмағанмын
vbr	дырмағансыз
vbr	дырмағансыздар
vbr	дырмағансың
vbr	дырмағансыңдар
vbr	дырмақ
vbr	дырса
vbr	дырсам
vbr	дырсақ
vbr	дырсаң
vbr	дырсаңдар
vbr	дырсаңыз
vbr	дырсаңыздар
vbr	дырсын
vbr	дыртады
vbr	дыру
vbr	дыруды
vbr	дыруларды
vbr	дырулардың
vbr	дырушы
vbr	дырушыдан
vbr	дырушылар
vbr	дырушылардың
vbr	дырушымен
vbr	дырушыны
vbr	дырушының
vbr	дырушыға
vbr	дыруға
vbr	дырыл
vbr	дырылады
vbr	дырылатын
vbr	дырылды
vbr	дырылмаған
vbr	дырылу
vbr	дырылуы
vbr	дырылуын
vbr	дырылып
vbr	дырылған
vbr	дырып
vbr	дырыпты
vbr	дырыс
vbr	дырыңдар
vbr	дырыңыз
vbr	дырғалы
vbr	дырған
vbr	дырғанда
vbr	дырғанмыз
vbr	дырғанмын
vbr	дырғансыз
vbr	дырғансыздар
vbr	дырғансың
vbr	дырғансыңдар
vbr	дырғанына
vbr	дығы
vbr	майтындықтан
vbr	мал
vbr	малдау
vbr	малды
vbr	малдың
vbr	малға
vbr	масмыз
vbr	масмын
vbr	масыз
vbr	маға
vbr	мағанмыз
vbr	сады
vbr	сай
vbr	сайын
vbr	сайық
vbr	самыз
vbr	самын
vbr	сар
vbr	сарда
vbr	сарлық
vbr	сармыз
vbr	сармын
vbr	сарсыз
vbr	сарсыздар
vbr	сарсың
vbr	сарсыңдар
vbr	сас
vbr	састық
vbr	сасыз
vbr	сасыздар
vbr	сасың
vbr	сасыңдар
vbr	сат
vbr	сатады
vbr	сатты
vbr	сату
vbr	сатын
vbr	сатқан
vbr	сы
vbr	сымен
vbr	сымын
vbr	сына
vbr	сынан
vbr	сында
vbr	сындай
vbr	сындап
vbr	сындағы
vbr	сының
vbr	сып
vbr	сыпты
vbr	сыр
vbr	сысу
vbr	сыңыз
vbr	тал
vbr	талған
vbr	тап
vbr	ты
vbr	тым
vbr	тымен
vbr	тысы
vbr	урын
vbr	шыл
vbr	шылар
vbr	шылардың
vbr	шыларға
vbr	шым
vbr	шын
vbr	шып
vbr	шыға
vbr	шығы
vbr	ык
vbr	ыл
vbr	ыла
vbr	ылады
vbr	ылайын
vbr	ылайық
vbr	ыламыз
vbr	ыламын
vbr	ыласыз
vbr	ыласыздар
vbr	ыласың
vbr	ыласыңдар
vbr	ылатын
vbr	ылатындығы
vbr	ылатыны
vbr	ылды
vbr	ылдым
vbr	ылдыру
vbr	ылдық
vbr	ылдың
vbr	ылдыңдар
vbr	ылдыңыз
vbr	ылдыңыздар
vbr	ылма
vbr	ылмады
vbr	ылмадым
vbr	ылмадық
vbr	ылмадың
vbr	ылмадыңдар
vbr	ылмадыңыз
vbr	ылмадыңыздар
vbr	ылмай
vbr	ылмайды
vbr	ылмаймыз
vbr	ылмаймын
vbr	ылмайсыз
vbr	ылмайсыздар
vbr	ылмайсың
vbr	ылмайсыңдар
vbr	ылмайтын
vbr	ылмап
vbr	ылмапты
vbr	ылмас
vbr	ылмаса
vbr	ылмасам
vbr	ылмасақ
vbr	ылмасаң
vbr	ылмасаңдар
vbr	ылмасаңыз
vbr	ылмасаңыздар
vbr	ылмасмыз
vbr	ылмасмын
vbr	ылмассыз
vbr	ылмассыздар
vbr	ылмассың
vbr	ылмассыңдар
vbr	ылмау
vbr	ылмаушы
vbr	ылмағалы
vbr	ылмаған
vbr	ылмағанмыз
vbr	ылмағанмын
vbr	ылмағансыз
vbr	ылмағансыздар
vbr	ылмағансың
vbr	ылмағансыңдар
vbr	ылмақ
vbr	ылмақшы
vbr	ылса
vbr	ылсам
vbr	ылсақ
vbr	ылсаң
vbr	ылсаңдар
vbr	ылсаңыз
vbr	ылсаңыздар
vbr	ылсы
vbr	ылсыз
vbr	ылсын
vbr	ылу
vbr	ылуда
vbr	ылудан
vbr	ылушы
vbr	ылушылар
vbr	ылушының
vbr	ылуы
vbr	ылуымен
vbr	ылуын
vbr	ылуына
vbr	ылуға
vbr	ылыпты
vbr	ылыс
vbr	ылысатын
vbr	ылыстың
vbr	ылысып
vbr	ылыңдар
vbr	ылыңыз
vbr	ылғалы
vbr	ылғандарды
vbr	ылғанмыз
vbr	ылғанмын
vbr	ылғансыз
vbr	ылғансыздар
vbr	ылғансың
vbr	ылғансыңдар
vbr	ылғаны
vbr	ылғанын
vbr	ылғанына
vbr	ылғы
vbr	ымал
vbr	ымалы
vbr	ымас
vbr	ымдар
vbr	ымдарды
vbr	ымдардың
vbr	ымдары
vbr	ымдарын
vbr	ымдарының
vbr	ымдастыру
vbr	ымдасу
vbr	ымдасқан
vbr	ымтал
vbr	ымға
vbr	ынады
vbr	ынайын
vbr	ынайық
vbr	ынамыз
vbr	ынамын
vbr	ынар
vbr	ынармыз
vbr	ынармын
vbr	ынарсыз
vbr	ынарсыздар
vbr	ынарсың
vbr	ынарсыңдар
vbr	ынарға
vbr	ынасыз
vbr	ынасыздар
vbr	ынасың
vbr	ынасыңдар
vbr	ынатын
vbr	ындар
vbr	ындардың
vbr	ындары
vbr	ынды
vbr	ындым
vbr	ындыр
vbr	ындырды
vbr	ындырып
vbr	ындық
vbr	ындың
vbr	ындыңдар
vbr	ындыңыз
vbr	ындыңыздар
vbr	ынма
vbr	ынмады
vbr	ынмадым
vbr	ынмадық
vbr	ынмадың
vbr	ынмадыңдар
vbr	ынмадыңыз
vbr	ынмадыңыздар
vbr	ынмай
vbr	ынмайды
vbr	ынмаймыз
vbr	ынмаймын
vbr	ынмайсыз
vbr	ынмайсыздар
vbr	ынмайсың
vbr	ынмайсыңдар
vbr	ынмайтын
vbr	ынмап
vbr	ынмапты
vbr	ынмас
vbr	ынмаса
vbr	ынмасам
vbr	ынмасақ
vbr	ынмасаң
vbr	ынмасаңдар
vbr	ынмасаңыз
vbr	ынмасаңыздар
vbr	ынмасмыз
vbr	ынмасмын
vbr	ынмассыз
vbr	ынмассыздар
vbr	ынмассың
vbr	ынмассыңдар
vbr	ынмау
vbr	ынмаушы
vbr	ынмағалы
vbr	ынмаған
vbr	ынмағанмыз
vbr	ынмағанмын
vbr	ынмағансыз
vbr	ынмағансыздар
vbr	ынмағансың
vbr	ынмағансыңдар
vbr	ынса
vbr	ынсам
vbr	ынсақ
vbr	ынсаң
vbr	ынсаңдар
vbr	ынсаңыз
vbr	ынсаңыздар
vbr	ыну
vbr	ынуда
vbr	ынушы
vbr	ынуы
vbr	ынын
vbr	ынып
vbr	ыныпты
vbr	ынырақ
vbr	ыныңдар
vbr	ыныңыз
vbr	ынғалы
vbr	ынған
vbr	ынғанда
vbr	ынғандығына
vbr	ынғанмыз
vbr	ынғанмын
vbr	ынғансыз
vbr	ынғансыздар
vbr	ынғансың
vbr	ынғансыңдар
vbr	ыр
vbr	ырады
vbr	ырда
vbr	ырды
vbr	ырлы
vbr	ырлық
vbr	ырма
vbr	ырмай
vbr	ыры
vbr	ырылу
vbr	ырылып
vbr	ырылған
vbr	ырым
vbr	ырын
vbr	ырына
vbr	ырып
vbr	ырға
vbr	ырған
vbr	ырқан
vbr	ыспасмыз
vbr	ыспасмын
vbr	ыспағанмыз
vbr	ыстыр
vbr	ыстыру
vbr	ыстырып
vbr	ысқанмыз
vbr	ыт
vbr	ытты
vbr	ыту
vbr	ытқан
vbr	ыңдап
vbr	ғанмыз
vbr	ғап
vbr	ғар
vbr	ғарлы
vbr	ғары
vbr	ғасы
vbr	ғасыз
vbr	ғасын
vbr	ғасына
vbr	ғасының
vbr	ғат
vbr	ғаттың
vbr	ғылау
vbr	ғылық
vbr	ғына
vbr	ғынан
vbr	ғып
vbr	ғыр
vbr	ғырақ
vbr	ғырдың
vbr	ғырлар
vbr	ғырлардың
vbr	ғытып
vbr	ғышылар
vbt	ай
vbt	ак
vbt	алық
vbt	ақ
vbt	аң
vbt	сады
vbt	сай
vbt	сайын
vbt	сайық
vbt	самыз
vbt	самын
vbt	сар
vbt	сарда
vbt	сарлық
vbt	сармыз
vbt	сармын
vbt	сарсыз
vbt	сарсыздар
vbt	сарсың
vbt	сарсыңдар
vbt	сас
vbt	састық
vbt	сасыз
vbt	сасыздар
vbt	сасың
vbt	сасыңдар
vbt	сат
vbt	сатады
vbt	сатты
vbt	сату
vbt	сатын
vbt	сатқан
vbt	сы
vbt	сымен
vbt	сымын
vbt	сына
vbt	сынан
vbt	сында
vbt	сындай
vbt	сындап
vbt	сындағы
vbt	сының
vbt	сып
vbt	сыпты
vbt	сыр
vbt	сысу
vbt	сыңыз
vbt	там
vbt	татын
vbt	татыны
vbt	тыл
vbt	тылады
vbt	тылатын
vbt	тылды
vbt	тылуы
vbt	тылуымен
vbt	тылуына
vbt	тылып
vbt	тылған
vbt	тып
vbt	тыпты
vbt	тыс
vbt	тысу
vbt	тысып
vbt	тысқан
vbt	урын
vbt	шыл
vbt	шын
vbt	шып
vbt	шығы
vbt	ык
vbt	ылдау
vbt	ылдыру
vbt	ылсы
vbt	ылсыз
vbt	ылы
vbt	ылғы
vbt	ымал
vbt	ымалы
vbt	ымас
vbt	ымдар
vbt	ымдарды
vbt	ымдардың
vbt	ымдары
vbt	ымдарын
vbt	ымдарының
vbt	ымдастыру
vbt	ымдасу
vbt	ымдасқан
vbt	ымта
vbt	ымтал
vbt	ымын
vbt	ымға
vbt	ындыр
vbt	ындырды
vbt	ындырып
vbt	ынма
vbt	ынырақ
vbt	ырады
vbt	ырлық
vbt	ырма
vbt	ырмай
vbt	ырылу
vbt	ырылып
vbt	ырылған
vbt	ырып
vbt	ырған
vbt	ырқан
vbt	ыспен
vbt	ыссыз
vbt	ыста
vbt	ыстан
vbt	ыстар
vbt	ыстарды
vbt	ыстардың
vbt	ыстармен
vbt	ыстары
vbt	ыстарын
vbt	ыстағы
vbt	ыстыр
vbt	ыстыру
vbt	ыстырып
vbt	ысы
vbt	ысым
vbt	ысымен
vbt	ысын
vbt	ысына
vbt	ысынан
vbt	ысында
vbt	ысының
vbt	ыт
vbt	ытты
vbt	ыту
vbt	ытқан
vbt	ық
vbt	ыңдап
vbt	қыз
vbt	қызды
vbt	қызу
vbt	қызылды
vbt	қызып
vbv	бы
vbv	бым
vbv	быңа
vbv	быңды
vbv	дыр
vbv	дыра
vbv	дырады
vbv	дырайын
vbv	дырайық
vbv	дырамыз
vbv	дырамын
vbv	дырар
vbv	дырармыз
vbv	дырармын
vbv	дырарсыз
vbv	дырарсыздар
vbv	дырарсың
vbv	дырарсыңдар
vbv	дырасыз
vbv	дырасыздар
vbv	дырасың
vbv	дырасыңдар
vbv	дыратын
vbv	дыратыны
vbv	дырды
vbv	дырдым
vbv	дырдық
vbv	дырдың
vbv	дырдыңдар
vbv	дырдыңыз
vbv	дырдыңыздар
vbv	дырма
vbv	дырмады
vbv	дырмадым
vbv	дырмадық
vbv	дырмадың
vbv	дырмадыңдар
vbv	дырмадыңыз
vbv	дырмадыңыздар
vbv	дырмай
vbv	дырмайды
vbv	дырмаймыз
vbv	дырмаймын
vbv	дырмайсыз
vbv	дырмайсыздар
vbv	дырмайсың
vbv	дырмайсыңдар
vbv	дырмайтын
vbv	дырмап
vbv	дырмапты
vbv	дырмас
vbv	дырмаса
vbv	дырмасам
vbv	дырмасақ
vbv	дырмасаң
vbv	дырмасаңдар
vbv	дырмасаңыз
vbv	дырмасаңыздар
vbv	дырмасмыз
vbv	дырмасмын
vbv	дырмассыз
vbv	дырмассыздар
vbv	дырмассың
vbv	дырмассыңдар
vbv	дырмау
vbv	дырмаушы
vbv	дырмағалы
vbv	дырмаған
vbv	дырмағанмыз
vbv	дырмағанмын
vbv	дырмағансыз
vbv	дырмағансыздар
vbv	дырмағансың
vbv	дырмағансыңдар
vbv	дырмақ
vbv	дырса
vbv	дырсам
vbv	дырсақ
vbv	дырсаң
vbv	дырсаңдар
vbv	дырсаңыз
vbv	дырсаңыздар
vbv	дырсын
vbv	дыртады
vbv	дыру
vbv	дыруды
vbv	дыруларды
vbv	дырулардың
vbv	дырушы
vbv	дырушыдан
vbv	дырушылар
vbv	дырушылардың
vbv	дырушымен
vbv	дырушыны
vbv	дырушының
vbv	дырушыға
vbv	дыруға
vbv	дырыл
vbv	дырылады
vbv	дырылатын
vbv	дырылды
vbv	дырылмаған
vbv	дырылу
vbv	дырылуы
vbv	дырылуын
vbv	дырылып
vbv	дырылған
vbv	дырып
vbv	дырыпты
vbv	дырыс
vbv	дырыңдар
vbv	дырыңыз
vbv	дырғалы
vbv	дырған
vbv	дырғанда
vbv	дырғанмыз
vbv	дырғанмын
vbv	дырғансыз
vbv	дырғансыздар
vbv	дырғансың
vbv	дырғансыңдар
vbv	дырғанына
vbv	дығы
vbv	лдай
vbv	лдайды
vbv	лдан
vbv	лдау
vbv	лдағы
vbv	лмен
vbv	лту
vbv	лыспен
vbv	лыссыз
vbv	лыста
vbv	лыстан
vbv	лыстар
vbv	лыстарды
vbv	лыстардың
vbv	лыстары
vbv	лыстағы
vbv	лысы
vbv	лысымен
vbv	лысында
vbv	лысының
vbv	лысқа
vbv	лғы
vbv	майтындықтан
vbv	мал
vbv	малдау
vbv	малды
vbv	малдың
vbv	малға
vbv	нда
vbv	ндай
vbv	ндалған
vbv	ндап
vbv	ндар
vbv	ндардан
vbv	ндарды
vbv	ндардың
vbv	ндармен
vbv	ндары
vbv	ндарын
vbv	ндарына
vbv	ндарында
vbv	ндарының
vbv	ндарға
vbv	ндасу
vbv	ндасын
vbv	ндат
vbv	ндатты
vbv	ндату
vbv	ндатып
vbv	ндатқан
vbv	ндағы
vbv	ншыл
vbv	ншылық
vbv	ншылықты
vbv	ншылыққа
vbv	ншының
vbv	ныл
vbv	нылады
vbv	нылатын
vbv	нылды
vbv	нылмайтын
vbv	нылу
vbv	нылып
vbv	нылған
vbv	нымен
vbv	нымын
vbv	ныспен
vbv	ныссыз
vbv	ныста
vbv	ныстан
vbv	ныстар
vbv	ныстардың
vbv	ныстары
vbv	ныстарымен
vbv	ныстарын
vbv	ныстарына
vbv	ныстарында
vbv	ныстарға
vbv	ныстағы
vbv	ныстыру
vbv	нысы
vbv	нысын
vbv	нысына
vbv	нысынан
vbv	нысындағы
vbv	нысының
vbv	нысқа
vbv	ппен
vbv	птан
vbv	птарды
vbv	птарын
vbv	пыл
vbv	пқа
vbv	рады
vbv	ратын
vbv	рма
vbv	рмады
vbv	рмай
vbv	рмайды
vbv	рмау
vbv	рса
vbv	ру
vbv	рушы
vbv	рыдан
vbv	рыл
vbv	рылады
vbv	рылған
vbv	рыны
vbv	рып
vbv	рыпты
vbv	рыға
vbv	рған
vbv	рғын
vbv	сай
vbv	сас
vbv	састық
vbv	сат
vbv	сатады
vbv	сатты
vbv	сату
vbv	сатқан
vbv	смыз
vbv	смын
vbv	спын
vbv	ссыз
vbv	ссыздар
vbv	ссың
vbv	ссыңдар
vbv	ста
vbv	стай
vbv	стан
vbv	стар
vbv	стары
vbv	старын
vbv	старына
vbv	старының
vbv	стағы
vbv	сымын
vbv	сындап
vbv	сыр
vbv	сқа
vbv	тай
vbv	тайды
vbv	тал
vbv	талған
vbv	тап
vbv	ттауға
vbv	ттыру
vbv	тысы
vbv	тқыз
vbv	тқызу
vbv	урын
vbv	шыл
vbv	шылар
vbv	шылардың
vbv	шыларға
vbv	шылық
vbv	шып
vbv	шыға
vbv	ы
vbv	ык
vbv	ыл
vbv	ыла
vbv	ылады
vbv	ылайын
vbv	ылайық
vbv	ыламыз
vbv	ыламын
vbv	ылар
vbv	ылармыз
vbv	ылармын
vbv	ыларсыз
vbv	ыларсыздар
vbv	ыларсың
vbv	ыларсыңдар
vbv	ыласыз
vbv	ыласыздар
vbv	ыласың
vbv	ыласыңдар
vbv	ылатын
vbv	ылатындығы
vbv	ылатыны
vbv	ылдау
vbv	ылды
vbv	ылдым
vbv	ылдыру
vbv	ылдық
vbv	ылдың
vbv	ылдыңдар
vbv	ылдыңыз
vbv	ылдыңыздар
vbv	ылма
vbv	ылмады
vbv	ылмадым
vbv	ылмадық
vbv	ылмадың
vbv	ылмадыңдар
vbv	ылмадыңыз
vbv	ылмадыңыздар
vbv	ылмай
vbv	ылмайды
vbv	ылмаймыз
vbv	ылмаймын
vbv	ылмайсыз
vbv	ылмайсыздар
vbv	ылмайсың
vbv	ылмайсыңдар
vbv	ылмайтын
vbv	ылмап
vbv	ылмапты
vbv	ылмас
vbv	ылмаса
vbv	ылмасам
vbv	ылмасақ
vbv	ылмасаң
vbv	ылмасаңдар
vbv	ылмасаңыз
vbv	ылмасаңыздар
vbv	ылмасмыз
vbv	ылмасмын
vbv	ылмассыз
vbv	ылмассыздар
vbv	ылмассың
vbv	ылмассыңдар
vbv	ылмау
vbv	ылмаушы
vbv	ылмағалы
vbv	ылмаған
vbv	ылмағанмыз
vbv	ылмағанмын
vbv	ылмағансыз
vbv	ылмағансыздар
vbv	ылмағансың
vbv	ылмағансыңдар
vbv	ылмақ
vbv	ылмақшы
vbv	ылса
vbv	ылсам
vbv	ылсақ
vbv	ылсаң
vbv	ылсаңдар
vbv	ылсаңыз
vbv	ылсаңыздар
vbv	ылсы
vbv	ылсыз
vbv	ылсын
vbv	ылу
vbv	ылуда
vbv	ылудан
vbv	ылушы
vbv	ылушылар
vbv	ылушының
vbv	ылуы
vbv	ылуымен
vbv	ылуын
vbv	ылуына
vbv	ылуға
vbv	ылы
vbv	ылып
vbv	ылыпты
vbv	ылыс
vbv	ылысатын
vbv	ылыстың
vbv	ылысып
vbv	ылыңдар
vbv	ылыңыз
vbv	ылғалы
vbv	ылған
vbv	ылғандарды
vbv	ылғанмыз
vbv	ылғанмын
vbv	ылғансыз
vbv	ылғансыздар
vbv	ылғансың
vbv	ылғансыңдар
vbv	ылғаны
vbv	ылғанын
vbv	ылғанына
vbv	ылғы
vbv	ымен
vbv	ын
vbv	ына
vbv	ынады
vbv	ынайын
vbv	ынайық
vbv	ынамыз
vbv	ынамын
vbv	ынан
vbv	ынар
vbv	ынармыз
vbv	ынармын
vbv	ынарсыз
vbv	ынарсыздар
vbv	ынарсың
vbv	ынарсыңдар
vbv	ынарға
vbv	ынасыз
vbv	ынасыздар
vbv	ынасың
vbv	ынасыңдар
vbv	ынатын
vbv	ында
vbv	ындай
vbv	ындар
vbv	ындардың
vbv	ындары
vbv	ындағы
vbv	ындағылардан
vbv	ындағыларды
vbv	ынды
vbv	ындым
vbv	ындыр
vbv	ындырды
vbv	ындырып
vbv	ындық
vbv	ындың
vbv	ындыңдар
vbv	ындыңыз
vbv	ындыңыздар
vbv	ынма
vbv	ынмады
vbv	ынмадым
vbv	ынмадық
vbv	ынмадың
vbv	ынмадыңдар
vbv	ынмадыңыз
vbv	ынмадыңыздар
vbv	ынмай
vbv	ынмайды
vbv	ынмаймыз
vbv	ынмаймын
vbv	ынмайсыз
vbv	ынмайсыздар
vbv	ынмайсың
vbv	ынмайсыңдар
vbv	ынмайтын
vbv	ынмап
vbv	ынмапты
vbv	ынмас
vbv	ынмаса
vbv	ынмасам
vbv	ынмасақ
vbv	ынмасаң
vbv	ынмасаңдар
vbv	ынмасаңыз
vbv	ынмасаңыздар
vbv	ынмасмыз
vbv	ынмасмын
vbv	ынмассыз
vbv	ынмассыздар
vbv	ынмассың
vbv	ынмассыңдар
vbv	ынмау
vbv	ынмаушы
vbv	ынмағалы
vbv	ынмаған
vbv	ынмағанмыз
vbv	ынмағанмын
vbv	ынмағансыз
vbv	ынмағансыздар
vbv	ынмағансың
vbv	ынмағансыңдар
vbv	ынса
vbv	ынсам
vbv	ынсақ
vbv	ынсаң
vbv	ынсаңдар
vbv	ынсаңыз
vbv	ынсаңыздар
vbv	ынсыз
vbv	ыну
vbv	ынуда
vbv	ынушы
vbv	ынуы
vbv	ынша
vbv	ыны
vbv	ынын
vbv	ынып
vbv	ыныпты
vbv	ынырақ
vbv	ының
vbv	ыныңдар
vbv	ыныңыз
vbv	ынғалы
vbv	ынған
vbv	ынғанда
vbv	ынғандығына
vbv	ынғанмыз
vbv	ынғанмын
vbv	ынғансыз
vbv	ынғансыздар
vbv	ынғансың
vbv	ынғансыңдар
vbv	ыр
vbv	ырады
vbv	ырда
vbv	ырды
vbv	ырлы
vbv	ырлық
vbv	ырма
vbv	ырмай
vbv	ыры
vbv	ырылу
vbv	ырылып
vbv	ырылған
vbv	ырым
vbv	ырын
vbv	ырына
vbv	ырып
vbv	ырға
vbv	ырған
vbv	ырқан
vbv	ыс
vbv	ыса
vbv	ысады
vbv	ысайын
vbv	ысайық
vbv	ысамыз
vbv	ысамын
vbv	ысар
vbv	ысармыз
vbv	ысармын
vbv	ысарсыз
vbv	ысарсыздар
vbv	ысарсың
vbv	ысарсыңдар
vbv	ысасыз
vbv	ысасыздар
vbv	ысасың
vbv	ысасыңдар
vbv	ысатын
vbv	ыспа
vbv	ыспады
vbv	ыспадым
vbv	ыспадық
vbv	ыспадың
vbv	ыспадыңдар
vbv	ыспадыңыз
vbv	ыспадыңыздар
vbv	ыспай
vbv	ыспайды
vbv	ыспаймыз
vbv	ыспаймын
vbv	ыспайсыз
vbv	ыспайсыздар
vbv	ыспайсың
vbv	ыспайсыңдар
vbv	ыспайтын
vbv	ыспап
vbv	ыспапты
vbv	ыспас
vbv	ыспаса
vbv	ыспасам
vbv	ыспасақ
vbv	ыспасаң
vbv	ыспасаңдар
vbv	ыспасаңыз
vbv	ыспасаңыздар
vbv	ыспасмыз
vbv	ыспасмын
vbv	ыспассыз
vbv	ыспассыздар
vbv	ыспассың
vbv	ыспассыңдар
vbv	ыспау
vbv	ыспаушы
vbv	ыспағалы
vbv	ыспаған
vbv	ыспағанмыз
vbv	ыспағанмын
vbv	ыспағансыз
vbv	ыспағансыздар
vbv	ыспағансың
vbv	ыспағансыңдар
vbv	ыспақ
vbv	ыспен
vbv	ысса
vbv	ыссам
vbv	ыссақ
vbv	ыссаң
vbv	ыссаңдар
vbv	ыссаңыз
vbv	ыссаңыздар
vbv	ыссыз
vbv	ыста
vbv	ыстан
vbv	ыстар
vbv	ыстарды
vbv	ыстардың
vbv	ыстармен
vbv	ыстары
vbv	ыстарын
vbv	ыстағы
vbv	ысты
vbv	ыстым
vbv	ыстыр
vbv	ыстыру
vbv	ыстырып
vbv	ыстық
vbv	ыстың
vbv	ыстыңдар
vbv	ыстыңыз
vbv	ыстыңыздар
vbv	ысу
vbv	ысушы
vbv	ысшы
vbv	ысы
vbv	ысым
vbv	ысымен
vbv	ысын
vbv	ысына
vbv	ысынан
vbv	ысында
vbv	ысының
vbv	ысып
vbv	ысыпты
vbv	ысың
vbv	ысыңдар
vbv	ысыңыз
vbv	ысқалы
vbv	ысқан
vbv	ысқанмыз
vbv	ысқанмын
vbv	ысқансыз
vbv	ысқансыздар
vbv	ысқансың
vbv	ысқансыңдар
vbv	ыт
vbv	ытты
vbv	ыту
vbv	ытқан
vbv	ық
vbv	ғап
vbv	ғар
vbv	ғарлы
vbv	ғары
vbv	ғасы
vbv	ғасыз
vbv	ғасын
vbv	ғасына
vbv	ғасының
vbv	ғылау
vbv	ғылық
vbv	ғылықты
vbv	ғып
vbv	ғыр
vbv	ғырақ
vbv	ғырдың
vbv	ғырлар
vbv	ғырлардың
vbv	ғытып
vbv	ғышылар
vbv	ңдан
vbv	ңға
vbz	адың
vbz	ак
vbz	алық
vbz	ақ
vbz	аң
vbz	дап
vbz	дас
vbz	дыртады
vbz	майтындықтан
vbz	мал
vbz	малдау
vbz	малды
vbz	малдың
vbz	малға
vbz	масыз
vbz	маға
vbz	сады
vbz	сай
vbz	сайын
vbz	сайық
vbz	самыз
vbz	самын
vbz	сар
vbz	сарда
vbz	сарлық
vbz	сармыз
vbz	сармын
vbz	сарсыз
vbz	сарсыздар
vbz	сарсың
vbz	сарсыңдар
vbz	сас
vbz	састық
vbz	сасыз
vbz	сасыздар
vbz	сасың
vbz	сасыңдар
vbz	сат
vbz	сатады
vbz	сатты
vbz	сату
vbz	сатын
vbz	сатқан
vbz	сы
vbz	сымен
vbz	сымын
vbz	сына
vbz	сынан
vbz	сында
vbz	сындай
vbz	сындап
vbz	сындағы
vbz	сының
vbz	сып
vbz	сыпты
vbz	сыр
vbz	сысу
vbz	сыңыз
vbz	тал
vbz	талған
vbz	тап
vbz	тау
vbz	шаң
vbz	шын
vbz	шып
vbz	шығы
vbz	ык
vbz	ылдыру
vbz	ылсы
vbz	ылыс
vbz	ылысатын
vbz	ылыстың
vbz	ылысып
vbz	ылғы
vbz	ымал
vbz	ымалы
vbz	ымас
vbz	ымдар
vbz	ымдарды
vbz	ымдардың
vbz	ымдары
vbz	ымдарын
vbz	ымдарының
vbz	ымдастыру
vbz	ымдасу
vbz	ымдасқан
vbz	ымта
vbz	ымтал
vbz	ымға
vbz	ындар
vbz	ындардың
vbz	ындары
vbz	ындыр
vbz	ындырды
vbz	ындырып
vbz	ынма
vbz	ынын
vbz	ынырақ
vbz	ыр
vbz	ырады
vbz	ырда
vbz	ырды
vbz	ырлы
vbz	ырлық
vbz	ырма
vbz	ырмай
vbz	ыры
vbz	ырылу
vbz	ырылып
vbz	ырылған
vbz	ырым
vbz	ырын
vbz	ырына
vbz	ырып
vbz	ырға
vbz	ырған
vbz	ырқан
vbz	ыспен
vbz	ыссыз
vbz	ыста
vbz	ыстан
vbz	ыстар
vbz	ыстарды
vbz	ыстардың
vbz	ыстармен
vbz	ыстары
vbz	ыстарын
vbz	ыстағы
vbz	ыстыр
vbz	ыстыру
vbz	ыстырып
vbz	ысым
vbz	ыт
vbz	ытты
vbz	ыту
vbz	ытқан
vbz	ыңдап
vbz	ғап
vbz	ғар
vbz	ғарлы
vbz	ғары
vbz	ғасы
vbz	ғасыз
vbz	ғасын
vbz	ғасына
vbz	ғасының
vbz	ғат
vbz	ғаттың
vbz	ғылау
vbz	ғылық
vbz	ғына
vbz	ғынан
vbz	ғып
vbz	ғыр
vbz	ғырақ
vbz	ғырдың
vbz	ғырлар
vbz	ғырлардың
vbz	ғытып
vbz	ғышылар
vfn	беге
vfn	белік
vfn	бен
vfn	бені
vfn	бенің
vfn	ге
vfn	гелек
vfn	гер
vfn	гері
vfn	геріде
vfn	герірек
vfn	гесі
vfn	гесін
vfn	гі
vfn	гідей
vfn	гілер
vfn	гіліп
vfn	гімді
vfn	гіме
vfn	гімен
vfn	гін
vfn	гінде
vfn	гіндегі
vfn	гіне
vfn	гінен
vfn	гінің
vfn	гір
vfn	гіңде
vfn	гіңді
vfn	ден
vfn	дері
vfn	дігі
vfn	дірге
vfn	дірдей
vfn	діршін
vfn	ей
vfn	ек
vfn	ең
vfn	нің
vfn	седі
vfn	сей
vfn	сейік
vfn	сейін
vfn	семіз
vfn	семін
vfn	сер
vfn	сердей
vfn	сердің
vfn	сермен
vfn	серміз
vfn	сермін
vfn	серсіз
vfn	серсіздер
vfn	серсің
vfn	серсіңдер
vfn	сері
vfn	серін
vfn	сесі
vfn	сесіз
vfn	сесіздер
vfn	сесін
vfn	сесің
vfn	сесіңдер
vfn	сет
vfn	сетін
vfn	сі
vfn	сілі
vfn	сімен
vfn	сінде
vfn	сіндегі
vfn	сіне
vfn	сінен
vfn	сініп
vfn	сінің
vfn	сіп
vfn	сіпті
vfn	сір
vfn	сірге
vfn	сіңіз
vfn	те
vfn	шегі
vfn	шем
vfn	шемдер
vfn	шеп
vfn	ік
vfn	іл
vfn	ілгелі
vfn	ілген
vfn	ілгендей
vfn	ілгенміз
vfn	ілгенмін
vfn	ілгеннен
vfn	ілгенсіз
vfn	ілгенсіздер
vfn	ілгенсің
vfn	ілгенсіңдер
vfn	ілгеніне
vfn	ілді
vfn	ілдік
vfn	ілдім
vfn	ілдің
vfn	ілдіңдер
vfn	ілдіңіз
vfn	ілдіңіздер
vfn	іле
vfn	іледі
vfn	ілейік
vfn	ілейін
vfn	ілеміз
vfn	ілемін
vfn	ілер
vfn	ілерміз
vfn	ілермін
vfn	ілерсіз
vfn	ілерсіздер
vfn	ілерсің
vfn	ілерсіңдер
vfn	ілерін
vfn	ілесіз
vfn	ілесіздер
vfn	ілесің
vfn	ілесіңдер
vfn	ілетін
vfn	ілетінін
vfn	ілме
vfn	ілмегелі
vfn	ілмеген
vfn	ілмегенміз
vfn	ілмегенмін
vfn	ілмегенсіз
vfn	ілмегенсіздер
vfn	ілмегенсің
vfn	ілмегенсіңдер
vfn	ілмеді
vfn	ілмедік
vfn	ілмедім
vfn	ілмедің
vfn	ілмедіңдер
vfn	ілмедіңіз
vfn	ілмедіңіздер
vfn	ілмей
vfn	ілмейді
vfn	ілмейміз
vfn	ілмеймін
vfn	ілмейсіз
vfn	ілмейсіздер
vfn	ілмейсің
vfn	ілмейсіңдер
vfn	ілмейтін
vfn	ілмек
vfn	ілмеп
vfn	ілмепті
vfn	ілмес
vfn	ілмесе
vfn	ілмесек
vfn	ілмесем
vfn	ілмесең
vfn	ілмесеңдер
vfn	ілмесеңіз
vfn	ілмесеңіздер
vfn	ілмесміз
vfn	ілмесмін
vfn	ілмессіз
vfn	ілмессіздер
vfn	ілмессің
vfn	ілмессіңдер
vfn	ілмеу
vfn	ілмеуші
vfn	ілмеуі
vfn	ілсе
vfn	ілсек
vfn	ілсем
vfn	ілсең
vfn	ілсеңдер
vfn	ілсеңіз
vfn	ілсеңіздер
vfn	ілсі
vfn	ілсін
vfn	ілу
vfn	ілуде
vfn	ілуден
vfn	ілулер
vfn	ілуші
vfn	ілуі
vfn	ілуін
vfn	ілім
vfn	іліп
vfn	іліпті
vfn	іліс
vfn	іліссіз
vfn	іліңдер
vfn	іліңіз
vfn	іме
vfn	імте
vfn	ір
vfn	ірген
vfn	ірдей
vfn	ірден
vfn	ірді
vfn	ірдім
vfn	ірдің
vfn	іреді
vfn	іреміз
vfn	іремін
vfn	іретін
vfn	ірлер
vfn	ірлеу
vfn	ірлі
vfn	ірмей
vfn	ірмейді
vfn	ірмек
vfn	ірмен
vfn	ірсе
vfn	ірсең
vfn	ірсін
vfn	іру
vfn	іруші
vfn	ірушілер
vfn	ірушілерге
vfn	іршілер
vfn	ірі
vfn	ірілген
vfn	ірілетін
vfn	іріліп
vfn	ірім
vfn	ірін
vfn	іріп
vfn	ісең
vfn	іскенміз
vfn	іспегенміз
vfn	іспен
vfn	іспесміз
vfn	іспесмін
vfn	істе
vfn	істен
vfn	істер
vfn	істерге
vfn	істердің
vfn	істері
vfn	істерін
vfn	істір
vfn	істіру
vfn	істіруші
vfn	істіріп
vfn	ісі
vfn	ісім
vfn	ісімен
vfn	ісін
vfn	ісіне
vfn	ісінен
vfn	ісінің
vfn	іт
vfn	ітке
vfn	ітпен
vfn	іттей
vfn	іттер
vfn	іттердің
vfn	ітті
vfn	іттім
vfn	іттің
vfn	ітші
vfn	іқ
vfn	іңде
vfn	іңді
vfn	іңе
vfn	іңнен
vfn	іңнің
vfr	гелек
vfr	геріде
vfr	герірек
vfr	гесі
vfr	гі
vfr	гідей
vfr	гілер
vfr	гіліп
vfr	гімді
vfr	гіме
vfr	гімен
vfr	гін
vfr	гінде
vfr	гіндегі
vfr	гіне
vfr	гінен
vfr	гінің
vfr	гір
vfr	гісіз
vfr	гіңде
vfr	гіңді
vfr	дігі
vfr	дір
vfr	дірге
vfr	дірген
vfr	діргісі
vfr	дірдей
vfr	дірді
vfr	дірдік
vfr	дірдің
vfr	діре
vfr	діреді
vfr	дірем
vfr	діремін
vfr	діретін
vfr	дірме
vfr	дірмей
vfr	дірмек
vfr	дірсе
vfr	дірсек
vfr	діру
vfr	діруге
vfr	діруде
vfr	діруші
vfr	дірушілер
vfr	дірушілерді
vfr	дірушілердің
vfr	дірушілік
vfr	діршін
vfr	діріл
vfr	дірілген
vfr	дірілді
vfr	діріле
vfr	діріледі
vfr	дірілетін
vfr	дірілмеген
vfr	дірілу
vfr	діріліп
vfr	діріп
vfr	діріс
vfr	дірісті
vfr	дірістік
vfr	едім
vfr	ей
vfr	мел
vfr	меледі
vfr	седі
vfr	сей
vfr	сейік
vfr	сейін
vfr	семіз
vfr	семін
vfr	сер
vfr	сердей
vfr	сердің
vfr	сермен
vfr	серміз
vfr	сермін
vfr	серсіз
vfr	серсіздер
vfr	серсің
vfr	серсіңдер
vfr	сері
vfr	серін
vfr	сесі
vfr	сесіз
vfr	сесіздер
vfr	сесін
vfr	сесің
vfr	сесіңдер
vfr	сет
vfr	сетін
vfr	сі
vfr	сілі
vfr	сімен
vfr	сінде
vfr	сіндегі
vfr	сіп
vfr	сіпті
vfr	сір
vfr	сірге
vfr	сіңіз
vfr	теді
vfr	тел
vfr	телген
vfr	теп
vfr	тер
vfr	тет
vfr	тетін
vfr	шілер
vfr	шін
vfr	шіндер
vfr	шіндердің
vfr	ілсі
vfr	ілім
vfr	іліс
vfr	іліссіз
vfr	інгендей
vfr	індеп
vfr	індір
vfr	індірген
vfr	індірсек
vfr	індіріп
vfr	інме
vfr	інуі
vfr	ініс
vfr	інісімен
vfr	ір
vfr	ірген
vfr	ірдей
vfr	ірден
vfr	ірді
vfr	ірдім
vfr	ірдің
vfr	іреді
vfr	іреміз
vfr	іремін
vfr	іретін
vfr	ірлер
vfr	ірлеу
vfr	ірлі
vfr	ірмей
vfr	ірмейді
vfr	ірмек
vfr	ірмен
vfr	ірсе
vfr	ірсең
vfr	ірсін
vfr	іру
vfr	іруші
vfr	ірушілер
vfr	ірушілерге
vfr	іршілер
vfr	ірі
vfr	ірілген
vfr	ірілетін
vfr	іріліп
vfr	ірім
vfr	ірін
vfr	іріп
vfr	ісең
vfr	істір
vfr	істіру
vfr	істіруші
vfr	істіріп
vfr	ітке
vfr	ітпен
vfr	іттей
vfr	іттер
vfr	іттердің
vfr	іқ
vft	ей
vft	ек
vft	ең
vft	келең
vft	кем
vft	кесін
vft	кіз
vft	кізгелі
vft	кізген
vft	кізді
vft	кіздік
vft	кіздім
vft	кізе
vft	кізеді
vft	кіземіз
vft	кізу
vft	кізуге
vft	кізуде
vft	кізуді
vft	кізудің
vft	кізуші
vft	кізіл
vft	кізілді
vft	кізіледі
vft	кізілмеген
vft	кізілуде
vft	кізіліп
vft	кізіп
vft	пеге
vft	седі
vft	сей
vft	сейік
vft	сейін
vft	семіз
vft	семін
vft	сер
vft	сердей
vft	сердің
vft	сермен
vft	серміз
vft	сермін
vft	серсіз
vft	серсіздер
vft	серсің
vft	серсіңдер
vft	сері
vft	серін
vft	сесі
vft	сесіз
vft	сесіздер
vft	сесін
vft	сесің
vft	сесіңдер
vft	сет
vft	сетін
vft	сі
vft	сілі
vft	сімен
vft	сінде
vft	сіндегі
vft	сіп
vft	сіпті
vft	сір
vft	сірге
vft	сіңіз
vft	теді
vft	тейік
vft	тел
vft	телген
vft	тем
vft	теп
vft	тергі
vft	терлік
vft	тесі
vft	тесін
vft	тет
vft	тетін
vft	тіл
vft	тілген
vft	тілгеніне
vft	тілді
vft	тіледі
vft	тілсе
vft	тілу
vft	тіліп
vft	тіп
vft	тіпті
vft	тіргін
vft	тіс
vft	тіссін
vft	тісті
vft	тістік
vft	тістікке
vft	тістірем
vft	тістірмеді
vft	тісу
vft	тісіп
vft	ік
vft	ілсі
vft	ілім
vft	іліс
vft	іліссіз
vft	імге
vft	імдер
vft	імдерге
vft	імдерде
vft	імдерді
vft	імдердің
vft	імдері
vft	імдерін
vft	імдерінде
vft	імдеріне
vft	імдерінің
vft	імдірек
vft	імте
vft	імін
vft	інгелі
vft	інген
vft	інгендей
vft	інгенміз
vft	інгенмін
vft	інгенсіз
vft	інгенсіздер
vft	інгенсің
vft	інгенсіңдер
vft	індеп
vft	індер
vft	індері
vft	індерінің
vft	інді
vft	індік
vft	індім
vft	індір
vft	індірген
vft	індірсек
vft	індіріп
vft	індің
vft	індіңдер
vft	індіңіз
vft	індіңіздер
vft	інеді
vft	інейік
vft	інейін
vft	інеміз
vft	інемін
vft	інер
vft	інерміз
vft	інермін
vft	інерсіз
vft	інерсіздер
vft	інерсің
vft	інерсіңдер
vft	інесіз
vft	інесіздер
vft	інесің
vft	інесіңдер
vft	інетін
vft	інме
vft	інмегелі
vft	інмеген
vft	інмегенміз
vft	інмегенмін
vft	інмегенсіз
vft	інмегенсіздер
vft	інмегенсің
vft	інмегенсіңдер
vft	інмеді
vft	інмедік
vft	інмедім
vft	інмедің
vft	інмедіңдер
vft	інмедіңіз
vft	інмедіңіздер
vft	інмей
vft	інмейді
vft	інмейміз
vft	інмеймін
vft	інмейсіз
vft	інмейсіздер
vft	інмейсің
vft	інмейсіңдер
vft	інмейтін
vft	інмеп
vft	інмепті
vft	інмес
vft	інмесе
vft	інмесек
vft	інмесем
vft	інмесең
vft	інмесеңдер
vft	інмесеңіз
vft	інмесеңіздер
vft	інмесміз
vft	інмесмін
vft	інмессіз
vft	інмессіздер
vft	інмессің
vft	інмессіңдер
vft	інмеу
vft	інмеуші
vft	інсе
vft	інсек
vft	інсем
vft	інсең
vft	інсеңдер
vft	інсеңіз
vft	інсеңіздер
vft	іну
vft	інуші
vft	інуі
vft	іні
vft	інін
vft	ініп
vft	ініпті
vft	ініс
vft	інісімен
vft	ініңдер
vft	ініңіз
vft	ір
vft	ірген
vft	ірдей
vft	ірден
vft	ірді
vft	ірдім
vft	ірдің
vft	іреді
vft	іреміз
vft	іремін
vft	іретін
vft	ірлер
vft	ірлеу
vft	ірлі
vft	ірмей
vft	ірмейді
vft	ірмек
vft	ірмен
vft	ірсе
vft	ірсең
vft	ірсін
vft	іру
vft	іруші
vft	ірушілер
vft	ірушілерге
vft	іршілер
vft	ірі
vft	ірілген
vft	ірілетін
vft	іріліп
vft	ірім
vft	ірін
vft	іріп
vft	ісең
vft	іспен
vft	істе
vft	істен
vft	істер
vft	істерге
vft	істердің
vft	істері
vft	істерін
vft	істір
vft	істіру
vft	істіруші
vft	істіріп
vft	ісі
vft	ісім
vft	ісімен
vft	ісін
vft	ісіне
vft	ісінен
vft	ісінің
vft	іт
vft	ітке
vft	ітпен
vft	іттей
vft	іттер
vft	іттердің
vft	ітті
vft	іттім
vft	іттің
vft	ітші
vft	іқ
vfv	бен
vfv	бені
vfv	бенің
vfv	гелек
vfv	гер
vfv	гері
vfv	геріде
vfv	герірек
vfv	гесі
vfv	гесін
vfv	гіз
vfv	гізбе
vfv	гізбегелі
vfv	гізбеген
vfv	гізбегенміз
vfv	гізбегенмін
vfv	гізбегенсіз
vfv	гізбегенсіздер
vfv	гізбегенсің
vfv	гізбегенсіңдер
vfv	гізбеді
vfv	гізбедік
vfv	гізбедім
vfv	гізбедің
vfv	гізбедіңдер
vfv	гізбедіңіз
vfv	гізбедіңіздер
vfv	гізбей
vfv	гізбейді
vfv	гізбейміз
vfv	гізбеймін
vfv	гізбейсіз
vfv	гізбейсіздер
vfv	гізбейсің
vfv	гізбейсіңдер
vfv	гізбейтін
vfv	гізбек
vfv	гізбеп
vfv	гізбепті
vfv	гізбес
vfv	гізбесе
vfv	гізбесек
vfv	гізбесем
vfv	гізбесең
vfv	гізбесеңдер
vfv	гізбесеңіз
vfv	гізбесеңіздер
vfv	гізбесміз
vfv	гізбесмін
vfv	гізбессіз
vfv	гізбессіздер
vfv	гізбессің
vfv	гізбессіңдер
vfv	гізбеу
vfv	гізбеуші
vfv	гізгелі
vfv	гізген
vfv	гізгенміз
vfv	гізгенмін
vfv	гізгенсіз
vfv	гізгенсіздер
vfv	гізгенсің
vfv	гізгенсіңдер
vfv	гізгені
vfv	гізді
vfv	гіздік
vfv	гіздім
vfv	гіздің
vfv	гіздіңдер
vfv	гіздіңіз
vfv	гіздіңіздер
vfv	гізе
vfv	гізеді
vfv	гізейік
vfv	гізейін
vfv	гіземіз
vfv	гіземін
vfv	гізер
vfv	гізерміз
vfv	гізермін
vfv	гізерсіз
vfv	гізерсіздер
vfv	гізерсің
vfv	гізерсіңдер
vfv	гізері
vfv	гізесіз
vfv	гізесіздер
vfv	гізесің
vfv	гізесіңдер
vfv	гізетін
vfv	гізетінін
vfv	гізсе
vfv	гізсек
vfv	гізсем
vfv	гізсең
vfv	гізсеңдер
vfv	гізсеңіз
vfv	гізсеңіздер
vfv	гізу
vfv	гізуге
vfv	гізуде
vfv	гізуші
vfv	гізіл
vfv	гізілген
vfv	гізілді
vfv	гізіле
vfv	гізіледі
vfv	гізілмеген
vfv	гізілсін
vfv	гізілу
vfv	гізілуде
vfv	гізілуі
vfv	гізіліп
vfv	гізіп
vfv	гізіпті
vfv	гізіңдер
vfv	гізіңіз
vfv	гіліп
vfv	гін
vfv	гінде
vfv	гіндегі
vfv	гіне
vfv	гінен
vfv	гір
vfv	дігі
vfv	еді
vfv	меге
vfv	мел
vfv	меледі
vfv	месіз
vfv	месінсіз
vfv	нде
vfv	ндегі
vfv	ндей
vfv	ндеміз
vfv	ндеп
vfv	ндер
vfv	ндері
vfv	ндет
vfv	ндетке
vfv	ндеттер
vfv	ндеттердің
vfv	ндеттің
vfv	ндір
vfv	ндіру
vfv	ндіріле
vfv	ндіріледі
vfv	нме
vfv	нше
vfv	ншілік
vfv	ніл
vfv	нілу
vfv	нірек
vfv	ніс
vfv	ністі
vfv	ністік
vfv	нісі
vfv	нісіп
vfv	птің
vfv	рбедер
vfv	рбедері
vfv	рген
vfv	ргілі
vfv	ргілікті
vfv	ре
vfv	реді
vfv	ремін
vfv	рлеу
vfv	рлі
vfv	рме
vfv	рмей
vfv	ру
vfv	руші
vfv	ріл
vfv	рілген
vfv	рініп
vfv	ріп
vfv	ріс
vfv	сей
vfv	сесі
vfv	сесін
vfv	сет
vfv	сміз
vfv	смін
vfv	стір
vfv	стірген
vfv	стірді
vfv	стіру
vfv	стіріліп
vfv	стіріп
vfv	сілі
vfv	сініп
vfv	сір
vfv	сірге
vfv	тегі
vfv	тегідей
vfv	тегінде
vfv	тегіне
vfv	тей
vfv	тейді
vfv	тел
vfv	телген
vfv	тем
vfv	теп
vfv	терге
vfv	тергі
vfv	терде
vfv	тердегі
vfv	терден
vfv	терді
vfv	тердің
vfv	терлік
vfv	термен
vfv	тесі
vfv	тесін
vfv	тет
vfv	теу
vfv	теулі
vfv	теуі
vfv	тке
vfv	ткенін
vfv	ткіз
vfv	ткізбейді
vfv	ткізді
vfv	ткізеді
vfv	ткізем
vfv	ткізу
vfv	ткізіп
vfv	тпе
vfv	тпек
vfv	ттер
vfv	ттіріп
vfv	туге
vfv	туді
vfv	тулер
vfv	туі
vfv	ті
vfv	тіден
vfv	тіл
vfv	тілген
vfv	тілгеніне
vfv	тілді
vfv	тіледі
vfv	тілсе
vfv	тілу
vfv	тіліп
vfv	тім
vfv	тіс
vfv	тіссін
vfv	тісті
vfv	тістік
vfv	тістікке
vfv	тістірем
vfv	тістірмеді
vfv	тісу
vfv	тісі
vfv	тісіне
vfv	тісіп
vfv	тің
vfv	тіңіздер
vfv	іп
vfv	ңге
vfv	ңгелі
vfv	ңгеміз
vfv	ңгесі
vfv	ңгесін
vfv	ңгесіне
vfv	ңгесінен
vfv	ңгесінің
vfv	ңдеп
vfv	ңдіріп
vfv	ңемін
vfv	ңетін
vfv	ңке
vfz	гелек
vfz	гер
vfz	гері
vfz	геріде
vfz	герірек
vfz	гесі
vfz	гесін
vfz	гі
vfz	гідей
vfz	гіз
vfz	гізбе
vfz	гізбегелі
vfz	гізбеген
vfz	гізбегенміз
vfz	гізбегенмін
vfz	гізбегенсіз
vfz	гізбегенсіздер
vfz	гізбегенсің
vfz	гізбегенсіңдер
vfz	гізбеді
vfz	гізбедік
vfz	гізбедім
vfz	гізбедің
vfz	гізбедіңдер
vfz	гізбедіңіз
vfz	гізбедіңіздер
vfz	гізбей
vfz	гізбейді
vfz	гізбейміз
vfz	гізбеймін
vfz	гізбейсіз
vfz	гізбейсіздер
vfz	гізбейсің
vfz	гізбейсіңдер
vfz	гізбейтін
vfz	гізбек
vfz	гізбеп
vfz	гізбепті
vfz	гізбес
vfz	гізбесе
vfz	гізбесек
vfz	гізбесем
vfz	гізбесең
vfz	гізбесеңдер
vfz	гізбесеңіз
vfz	гізбесеңіздер
vfz	гізбесміз
vfz	гізбесмін
vfz	гізбессіз
vfz	гізбессіздер
vfz	гізбессің
vfz	гізбессіңдер
vfz	гізбеу
vfz	гізбеуші
vfz	гізгелі
vfz	гізген
vfz	гізгенміз
vfz	гізгенмін
vfz	гізгенсіз
vfz	гізгенсіздер
vfz	гізгенсің
vfz	гізгенсіңдер
vfz	гізгені
vfz	гізді
vfz	гіздік
vfz	гіздім
vfz	гіздің
vfz	гіздіңдер
vfz	гіздіңіз
vfz	гіздіңіздер
vfz	гізе
vfz	гізеді
vfz	гізейік
vfz	гізейін
vfz	гіземіз
vfz	гіземін
vfz	гізер
vfz	гізерміз
vfz	гізермін
vfz	гізерсіз
vfz	гізерсіздер
vfz	гізерсің
vfz	гізерсіңдер
vfz	гізері
vfz	гізесіз
vfz	гізесіздер
vfz	гізесің
vfz	гізесіңдер
vfz	гізетін
vfz	гізетінін
vfz	гізсе
vfz	гізсек
vfz	гізсем
vfz	гізсең
vfz	гізсеңдер
vfz	гізсеңіз
vfz	гізсеңіздер
vfz	гізу
vfz	гізуге
vfz	гізуде
vfz	гізуші
vfz	гізіл
vfz	гізілген
vfz	гізілді
vfz	гізіле
vfz	гізіледі
vfz	гізілмеген
vfz	гізілсін
vfz	гізілу
vfz	гізілуде
vfz	гізілуі
vfz	гізіліп
vfz	гізіп
vfz	гізіпті
vfz	гізіңдер
vfz	гізіңіз
vfz	гілер
vfz	гіліп
vfz	гімді
vfz	гіме
vfz	гімен
vfz	гін
vfz	гінде
vfz	гіндегі
vfz	гіне
vfz	гінен
vfz	гінің
vfz	гір
vfz	гісіз
vfz	гіңде
vfz	гіңді
vfz	дір
vfz	дірге
vfz	дірген
vfz	діргісі
vfz	дірдей
vfz	дірді
vfz	дірдік
vfz	дірдің
vfz	діре
vfz	діреді
vfz	дірем
vfz	діремін
vfz	діретін
vfz	дірме
vfz	дірмей
vfz	дірмек
vfz	дірсе
vfz	дірсек
vfz	діру
vfz	діруге
vfz	діруде
vfz	діруші
vfz	дірушілер
vfz	дірушілерді
vfz	дірушілердің
vfz	дірушілік
vfz	діршін
vfz	діріл
vfz	дірілген
vfz	дірілді
vfz	діріле
vfz	діріледі
vfz	дірілетін
vfz	дірілмеген
vfz	дірілу
vfz	діріліп
vfz	діріп
vfz	діріс
vfz	дірісті
vfz	дірістік
vfz	меге
vfz	мел
vfz	меледі
vfz	месіз
vfz	месінсіз
vfz	седі
vfz	сей
vfz	сейік
vfz	сейін
vfz	семіз
vfz	семін
vfz	сер
vfz	сердей
vfz	сердің
vfz	сермен
vfz	серміз
vfz	сермін
vfz	серсіз
vfz	серсіздер
vfz	серсің
vfz	серсіңдер
vfz	сері
vfz	серін
vfz	сесі
vfz	сесіз
vfz	сесіздер
vfz	сесін
vfz	сесің
vfz	сесіңдер
vfz	сет
vfz	сетін
vfz	сі
vfz	сілі
vfz	сімен
vfz	сінде
vfz	сіндегі
vfz	сіне
vfz	сінен
vfz	сініп
vfz	сінің
vfz	сіп
vfz	сіпті
vfz	сір
vfz	сірге
vfz	сіңіз
vfz	те
vfz	теді
vfz	тел
vfz	телген
vfz	тем
vfz	теміз
vfz	темін
vfz	теп
vfz	тесі
vfz	тесіз
vfz	тесіздер
vfz	тесін
vfz	тесің
vfz	тесіңдер
vfz	тет
vfz	тетін
vfz	тір
vfz	тірген
vfz	тіргін
vfz	тірді
vfz	тірдің
vfz	тіре
vfz	тіреді
vfz	тірейік
vfz	тірем
vfz	тіреміз
vfz	тіретін
vfz	тірме
vfz	тірмей
vfz	тірмеу
vfz	тірсе
vfz	тірсең
vfz	тіру
vfz	тіруге
vfz	тірумен
vfz	тіруші
vfz	тіруі
vfz	тіруіміз
vfz	тіріл
vfz	тірілген
vfz	тірілді
vfz	тірілуде
vfz	тірілуін
vfz	тіріп
vfz	тіріпті
vfz	тіріңіз
vfz	шегі
vfz	шем
vfz	шемдер
vfz	шеп
vfz	шіл
vfz	шін
vfz	шіндер
vfz	шіндердің
vfz	іл
vfz	ілгелі
vfz	ілген
vfz	ілгендей
vfz	ілгенміз
vfz	ілгенмін
vfz	ілгеннен
vfz	ілгенсіз
vfz	ілгенсіздер
vfz	ілгенсің
vfz	ілгенсіңдер
vfz	ілгеніне
vfz	ілді
vfz	ілдік
vfz	ілдім
vfz	ілдің
vfz	ілдіңдер
vfz	ілдіңіз
vfz	ілдіңіздер
vfz	іле
vfz	іледі
vfz	ілейік
vfz	ілейін
vfz	ілеміз
vfz	ілемін
vfz	ілесіз
vfz	ілесіздер
vfz	ілесің
vfz	ілесіңдер
vfz	ілетін
vfz	ілетінін
vfz	ілме
vfz	ілмегелі
vfz	ілмеген
vfz	ілмегенміз
vfz	ілмегенмін
vfz	ілмегенсіз
vfz	ілмегенсіздер
vfz	ілмегенсің
vfz	ілмегенсіңдер
vfz	ілмеді
vfz	ілмедік
vfz	ілмедім
vfz	ілмедің
vfz	ілмедіңдер
vfz	ілмедіңіз
vfz	ілмедіңіздер
vfz	ілмей
vfz	ілмейді
vfz	ілмейміз
vfz	ілмеймін
vfz	ілмейсіз
vfz	ілмейсіздер
vfz	ілмейсің
vfz	ілмейсіңдер
vfz	ілмейтін
vfz	ілмек
vfz	ілмеп
vfz	ілмепті
vfz	ілмес
vfz	ілмесе
vfz	ілмесек
vfz	ілмесем
vfz	ілмесең
vfz	ілмесеңдер
vfz	ілмесеңіз
vfz	ілмесеңіздер
vfz	ілмесміз
vfz	ілмесмін
vfz	ілмессіз
vfz	ілмессіздер
vfz	ілмессің
vfz	ілмессіңдер
vfz	ілмеу
vfz	ілмеуші
vfz	ілмеуі
vfz	ілсе
vfz	ілсек
vfz	ілсем
vfz	ілсең
vfz	ілсеңдер
vfz	ілсеңіз
vfz	ілсеңіздер
vfz	ілсі
vfz	ілсін
vfz	ілу
vfz	ілуде
vfz	ілуден
vfz	ілулер
vfz	ілуші
vfz	ілуі
vfz	ілуін
vfz	ілім
vfz	іліп
vfz	іліпті
vfz	іліс
vfz	іліссіз
vfz	іліңдер
vfz	іліңіз
vfz	імте
vfz	індір
vfz	індірген
vfz	індірсек
vfz	індіріп
vfz	інме
vfz	інін
vfz	ініс
vfz	інісімен
vfz	ісең
vfz	істір
vfz	істіру
vfz	істіруші
vfz	істіріп
